Sample in Buffer,Sample in Window,TRIGGER,top_i/system_ila_0/inst/probe0_1[31:0],top_i/system_ila_0/inst/probe1_1[31:0],top_i/system_ila_0/inst/probe2_1,top_i/system_ila_0/inst/probe3_1,top_i/system_ila_0/inst/net_slot_0_axis_tdata[31:0],top_i/system_ila_0/inst/net_slot_0_axis_tvalid,top_i/system_ila_0/inst/net_slot_0_axis_tready,top_i/system_ila_0/inst/net_slot_0_axis_tlast,top_i/system_ila_0/inst/net_slot_1_axis_tdata[31:0],top_i/system_ila_0/inst/net_slot_1_axis_tkeep[3:0],top_i/system_ila_0/inst/net_slot_1_axis_tvalid,top_i/system_ila_0/inst/net_slot_1_axis_tready,top_i/system_ila_0/inst/net_slot_1_axis_tlast,Interface_(i1:s0)_(axis_data_fifo_0_M_AXIS)[2:0],Interface_(i1:s1)_(axi_dma_0_M_AXIS_MM2S)[2:0],T_Channel_(i1:s0)_(axis_data_fifo_0_M_AXIS)[2:0],T_Channel_(i1:s1)_(axi_dma_0_M_AXIS_MM2S)[2:0]
0,0,0,00000000,00000000,0,0,00000000,0,0,0,00000000,0,0,1,0,"_","_","_","_"
1,1,0,00000000,00000000,0,0,00000000,0,0,0,00000000,0,0,1,0,"_","_","_","_"
2,2,0,00000000,00000000,0,0,00000000,0,0,0,00000000,0,0,1,0,"_","_","_","_"
3,3,0,00000000,00000000,0,0,00000000,0,0,0,00000000,0,0,1,0,"_","_","_","_"
4,4,0,00000000,00000000,0,0,00000000,0,0,0,00000000,0,0,1,0,"_","_","_","_"
5,5,0,00000000,00000000,0,0,00000000,0,0,0,00000000,0,0,1,0,"_","_","_","_"
6,6,0,00000000,00000000,0,0,00000000,0,0,0,00000000,0,0,1,0,"_","_","_","_"
7,7,0,00000000,00000000,0,0,00000000,0,0,0,00000000,0,0,1,0,"_","_","_","_"
8,8,0,00000000,00000000,0,0,00000000,0,0,0,00000000,0,0,1,0,"_","_","_","_"
9,9,0,00000000,00000000,0,0,00000000,0,0,0,00000000,0,0,1,0,"_","_","_","_"
10,10,0,00000000,00000000,0,0,00000000,0,0,0,00000000,0,0,1,0,"_","_","_","_"
11,11,0,00000000,00000000,0,0,00000000,0,0,0,00000000,0,0,1,0,"_","_","_","_"
12,12,0,00000000,00000000,0,0,00000000,0,0,0,00000000,0,0,1,0,"_","_","_","_"
13,13,0,00000000,00000000,0,0,00000000,0,0,0,00000000,0,0,1,0,"_","_","_","_"
14,14,0,00000000,00000000,0,0,00000000,0,0,0,00000000,0,0,1,0,"_","_","_","_"
15,15,0,00000000,00000000,0,0,00000000,0,0,0,00000000,0,0,1,0,"_","_","_","_"
16,16,0,00000000,00000000,0,0,00000000,0,0,0,00000000,0,0,1,0,"_","_","_","_"
17,17,0,00000000,00000000,0,0,00000000,0,0,0,00000000,0,0,1,0,"_","_","_","_"
18,18,0,00000000,00000000,0,0,00000000,0,0,0,00000000,0,0,1,0,"_","_","_","_"
19,19,0,00000000,00000000,0,0,00000000,0,0,0,00000000,0,0,1,0,"_","_","_","_"
20,20,0,00000000,00000000,0,0,00000000,0,0,0,00000000,0,0,1,0,"_","_","_","_"
21,21,0,00000000,00000000,0,0,00000000,0,0,0,00000000,0,0,1,0,"_","_","_","_"
22,22,0,00000000,00000000,0,0,00000000,0,0,0,00000000,0,0,1,0,"_","_","_","_"
23,23,0,00000000,00000000,0,0,00000000,0,0,0,00000000,0,0,1,0,"_","_","_","_"
24,24,0,00000000,00000000,0,0,00000000,0,0,0,00000000,0,0,1,0,"_","_","_","_"
25,25,0,00000000,00000000,0,0,00000000,0,0,0,00000000,0,0,1,0,"_","_","_","_"
26,26,0,00000000,00000000,0,0,00000000,0,0,0,00000000,0,0,1,0,"_","_","_","_"
27,27,0,00000000,00000000,0,0,00000000,0,0,0,00000000,0,0,1,0,"_","_","_","_"
28,28,0,00000000,00000000,0,0,00000000,0,0,0,00000000,0,0,1,0,"_","_","_","_"
29,29,0,00000000,00000000,0,0,00000000,0,0,0,00000000,0,0,1,0,"_","_","_","_"
30,30,0,00000000,00000000,0,0,00000000,0,0,0,00000000,0,0,1,0,"_","_","_","_"
31,31,0,00000000,00000000,0,0,00000000,0,0,0,00000000,0,0,1,0,"_","_","_","_"
32,32,0,00000000,00000000,0,0,00000000,0,0,0,00000000,0,0,1,0,"_","_","_","_"
33,33,0,00000000,00000000,0,0,00000000,0,0,0,00000000,0,0,1,0,"_","_","_","_"
34,34,0,00000000,00000000,0,0,00000000,0,0,0,00000000,0,0,1,0,"_","_","_","_"
35,35,0,00000000,00000000,0,0,00000000,0,0,0,00000000,0,0,1,0,"_","_","_","_"
36,36,0,00000000,00000000,0,0,00000000,0,0,0,00000000,0,0,1,0,"_","_","_","_"
37,37,0,00000000,00000000,0,0,00000000,0,0,0,00000000,0,0,1,0,"_","_","_","_"
38,38,0,00000000,00000000,0,0,00000000,0,0,0,00000000,0,0,1,0,"_","_","_","_"
39,39,0,00000000,00000000,0,0,00000000,0,0,0,00000000,0,0,1,0,"_","_","_","_"
40,40,0,00000000,00000000,0,0,00000000,0,0,0,00000000,0,0,1,0,"_","_","_","_"
41,41,0,00000000,00000000,0,0,00000000,0,0,0,00000000,0,0,1,0,"_","_","_","_"
42,42,0,00000000,00000000,0,0,00000000,0,0,0,00000000,0,0,1,0,"_","_","_","_"
43,43,0,00000000,00000000,0,0,00000000,0,0,0,00000000,0,0,1,0,"_","_","_","_"
44,44,0,00000000,00000000,0,0,00000000,0,0,0,00000000,0,0,1,0,"_","_","_","_"
45,45,0,00000000,00000000,0,0,00000000,0,0,0,00000000,0,0,1,0,"_","_","_","_"
46,46,0,00000000,00000000,0,0,00000000,0,0,0,00000000,0,0,1,0,"_","_","_","_"
47,47,0,00000000,00000000,0,0,00000000,0,0,0,00000000,0,0,1,0,"_","_","_","_"
48,48,0,00000000,00000000,0,0,00000000,0,0,0,00000000,0,0,1,0,"_","_","_","_"
49,49,0,00000000,00000000,0,0,00000000,0,0,0,00000000,0,0,1,0,"_","_","_","_"
50,50,0,00000000,00000000,0,0,00000000,0,0,0,00000000,0,0,1,0,"_","_","_","_"
51,51,0,00000000,00000000,0,0,00000000,0,0,0,00000000,0,0,1,0,"_","_","_","_"
52,52,0,00000000,00000000,0,0,00000000,0,0,0,00000000,0,0,1,0,"_","_","_","_"
53,53,0,00000000,00000000,0,0,00000000,0,0,0,00000000,0,0,1,0,"_","_","_","_"
54,54,0,00000000,00000000,0,0,00000000,0,0,0,00000000,0,0,1,0,"_","_","_","_"
55,55,0,00000000,00000000,0,0,00000000,0,0,0,00000000,0,0,1,0,"_","_","_","_"
56,56,0,00000000,00000000,0,0,00000000,0,0,0,00000000,0,0,1,0,"_","_","_","_"
57,57,0,00000000,00000000,0,0,00000000,0,0,0,00000000,0,0,1,0,"_","_","_","_"
58,58,0,00000000,00000000,0,0,00000000,0,0,0,00000000,0,0,1,0,"_","_","_","_"
59,59,0,00000000,00000000,0,0,00000000,0,0,0,00000000,0,0,1,0,"_","_","_","_"
60,60,0,00000000,00000000,0,0,00000000,0,0,0,00000000,0,0,1,0,"_","_","_","_"
61,61,0,00000000,00000000,0,0,00000000,0,0,0,00000000,0,0,1,0,"_","_","_","_"
62,62,0,00000000,00000000,0,0,00000000,0,0,0,00000000,0,0,1,0,"_","_","_","_"
63,63,0,00000000,00000000,0,0,00000000,0,0,0,00000000,0,0,1,0,"_","_","_","_"
64,64,0,00000000,00000000,0,0,00000000,0,0,0,00000000,0,0,1,0,"_","_","_","_"
65,65,0,00000000,00000000,0,0,00000000,0,0,0,00000000,0,0,1,0,"_","_","_","_"
66,66,0,00000000,00000000,0,0,00000000,0,0,0,00000000,0,0,1,0,"_","_","_","_"
67,67,0,00000000,00000000,0,0,00000000,0,0,0,00000000,0,0,1,0,"_","_","_","_"
68,68,0,00000000,00000000,0,0,00000000,0,0,0,00000000,0,0,1,0,"_","_","_","_"
69,69,0,00000000,00000000,0,0,00000000,0,0,0,00000000,0,0,1,0,"_","_","_","_"
70,70,0,00000000,00000000,0,0,00000000,0,0,0,00000000,0,0,1,0,"_","_","_","_"
71,71,0,00000000,00000000,0,0,00000000,0,0,0,00000000,0,0,1,0,"_","_","_","_"
72,72,0,00000000,00000000,0,0,00000000,0,0,0,00000000,0,0,1,0,"_","_","_","_"
73,73,0,00000000,00000000,0,0,00000000,0,0,0,00000000,0,0,1,0,"_","_","_","_"
74,74,0,00000000,00000000,0,0,00000000,0,0,0,00000000,0,0,1,0,"_","_","_","_"
75,75,0,00000000,00000000,0,0,00000000,0,0,0,00000000,0,0,1,0,"_","_","_","_"
76,76,0,00000000,00000000,0,0,00000000,0,0,0,00000000,0,0,1,0,"_","_","_","_"
77,77,0,00000000,00000000,0,0,00000000,0,0,0,00000000,0,0,1,0,"_","_","_","_"
78,78,0,00000000,00000000,0,0,00000000,0,0,0,00000000,0,0,1,0,"_","_","_","_"
79,79,0,00000000,00000000,0,0,00000000,0,0,0,00000000,0,0,1,0,"_","_","_","_"
80,80,0,00000000,00000000,0,0,00000000,0,0,0,00000000,0,0,1,0,"_","_","_","_"
81,81,0,00000000,00000000,0,0,00000000,0,0,0,00000000,0,0,1,0,"_","_","_","_"
82,82,0,00000000,00000000,0,0,00000000,0,0,0,00000000,0,0,1,0,"_","_","_","_"
83,83,0,00000000,00000000,0,0,00000000,0,0,0,00000000,0,0,1,0,"_","_","_","_"
84,84,0,00000000,00000000,0,0,00000000,0,0,0,00000000,0,0,1,0,"_","_","_","_"
85,85,0,00000000,00000000,0,0,00000000,0,0,0,00000000,0,0,1,0,"_","_","_","_"
86,86,0,00000000,00000000,0,0,00000000,0,0,0,00000000,0,0,1,0,"_","_","_","_"
87,87,0,00000000,00000000,0,0,00000000,0,0,0,00000000,0,0,1,0,"_","_","_","_"
88,88,0,00000000,00000000,0,0,00000000,0,0,0,00000000,0,0,1,0,"_","_","_","_"
89,89,0,00000000,00000000,0,0,00000000,0,0,0,00000000,0,0,1,0,"_","_","_","_"
90,90,0,00000000,00000000,0,0,00000000,0,0,0,00000000,0,0,1,0,"_","_","_","_"
91,91,0,00000000,00000000,0,0,00000000,0,0,0,00000000,0,0,1,0,"_","_","_","_"
92,92,0,00000000,00000000,0,0,00000000,0,0,0,00000000,0,0,1,0,"_","_","_","_"
93,93,0,00000000,00000000,0,0,00000000,0,0,0,00000000,0,0,1,0,"_","_","_","_"
94,94,0,00000000,00000000,0,0,00000000,0,0,0,00000000,0,0,1,0,"_","_","_","_"
95,95,0,00000000,00000000,0,0,00000000,0,0,0,00000000,0,0,1,0,"_","_","_","_"
96,96,0,00000000,00000000,0,0,00000000,0,0,0,00000000,0,0,1,0,"_","_","_","_"
97,97,0,00000000,00000000,0,0,00000000,0,0,0,00000000,0,0,1,0,"_","_","_","_"
98,98,0,00000000,00000000,0,0,00000000,0,0,0,00000000,0,0,1,0,"_","_","_","_"
99,99,0,00000000,00000000,0,0,00000000,0,0,0,00000000,0,0,1,0,"_","_","_","_"
100,100,0,00000000,00000000,0,0,00000000,0,0,0,00000000,0,0,1,0,"_","_","_","_"
101,101,0,00000000,00000000,0,0,00000000,0,0,0,00000000,0,0,1,0,"_","_","_","_"
102,102,0,00000000,00000000,0,0,00000000,0,0,0,00000000,0,0,1,0,"_","_","_","_"
103,103,0,00000000,00000000,0,0,00000000,0,0,0,00000000,0,0,1,0,"_","_","_","_"
104,104,0,00000000,00000000,0,0,00000000,0,0,0,00000000,0,0,1,0,"_","_","_","_"
105,105,0,00000000,00000000,0,0,00000000,0,0,0,00000000,0,0,1,0,"_","_","_","_"
106,106,0,00000000,00000000,0,0,00000000,0,0,0,00000000,0,0,1,0,"_","_","_","_"
107,107,0,00000000,00000000,0,0,00000000,0,0,0,00000000,0,0,1,0,"_","_","_","_"
108,108,0,00000000,00000000,0,0,00000000,0,0,0,00000000,0,0,1,0,"_","_","_","_"
109,109,0,00000000,00000000,0,0,00000000,0,0,0,00000000,0,0,1,0,"_","_","_","_"
110,110,0,00000000,00000000,0,0,00000000,0,0,0,00000000,0,0,1,0,"_","_","_","_"
111,111,0,00000000,00000000,0,0,00000000,0,0,0,00000000,0,0,1,0,"_","_","_","_"
112,112,0,00000000,00000000,0,0,00000000,0,0,0,00000000,0,0,1,0,"_","_","_","_"
113,113,0,00000000,00000000,0,0,00000000,0,0,0,00000000,0,0,1,0,"_","_","_","_"
114,114,0,00000000,00000000,0,0,00000000,0,0,0,00000000,0,0,1,0,"_","_","_","_"
115,115,0,00000000,00000000,0,0,00000000,0,0,0,00000000,0,0,1,0,"_","_","_","_"
116,116,0,00000000,00000000,0,0,00000000,0,0,0,00000000,0,0,1,0,"_","_","_","_"
117,117,0,00000000,00000000,0,0,00000000,0,0,0,00000000,0,0,1,0,"_","_","_","_"
118,118,0,00000000,00000000,0,0,00000000,0,0,0,00000000,0,0,1,0,"_","_","_","_"
119,119,0,00000000,00000000,0,0,00000000,0,0,0,00000000,0,0,1,0,"_","_","_","_"
120,120,0,00000000,00000000,0,0,00000000,0,0,0,00000000,0,0,1,0,"_","_","_","_"
121,121,0,00000000,00000000,0,0,00000000,0,0,0,00000000,0,0,1,0,"_","_","_","_"
122,122,0,00000000,00000000,0,0,00000000,0,0,0,00000000,0,0,1,0,"_","_","_","_"
123,123,0,00000000,00000000,0,0,00000000,0,0,0,00000000,0,0,1,0,"_","_","_","_"
124,124,0,00000000,00000000,0,0,00000000,0,0,0,00000000,0,0,1,0,"_","_","_","_"
125,125,0,00000000,00000000,0,0,00000000,0,0,0,00000000,0,0,1,0,"_","_","_","_"
126,126,0,00000000,00000000,0,0,00000000,0,0,0,00000000,0,0,1,0,"_","_","_","_"
127,127,0,00000000,00000000,0,0,00000000,0,0,0,00000000,0,0,1,0,"_","_","_","_"
128,128,0,00000000,00000000,0,0,00000000,0,0,0,00000000,0,0,1,0,"_","_","_","_"
129,129,0,00000000,00000000,0,0,00000000,0,0,0,00000000,0,0,1,0,"_","_","_","_"
130,130,0,00000000,00000000,0,0,00000000,0,0,0,00000000,0,0,1,0,"_","_","_","_"
131,131,0,00000000,00000000,0,0,00000000,0,0,0,00000000,0,0,1,0,"_","_","_","_"
132,132,0,00000000,00000000,0,0,00000000,0,0,0,00000000,0,0,1,0,"_","_","_","_"
133,133,0,00000000,00000000,0,0,00000000,0,0,0,00000000,0,0,1,0,"_","_","_","_"
134,134,0,00000000,00000000,0,0,00000000,0,0,0,00000000,0,0,1,0,"_","_","_","_"
135,135,0,00000000,00000000,0,0,00000000,0,0,0,00000000,0,0,1,0,"_","_","_","_"
136,136,0,00000000,00000000,0,0,00000000,0,0,0,00000000,0,0,1,0,"_","_","_","_"
137,137,0,00000000,00000000,0,0,00000000,0,0,0,00000000,0,0,1,0,"_","_","_","_"
138,138,0,00000000,00000000,0,0,00000000,0,0,0,00000000,0,0,1,0,"_","_","_","_"
139,139,0,00000000,00000000,0,0,00000000,0,0,0,00000000,0,0,1,0,"_","_","_","_"
140,140,0,00000000,00000000,0,0,00000000,0,0,0,00000000,0,0,1,0,"_","_","_","_"
141,141,0,00000000,00000000,0,0,00000000,0,0,0,00000000,0,0,1,0,"_","_","_","_"
142,142,0,00000000,00000000,0,0,00000000,0,0,0,00000000,0,0,1,0,"_","_","_","_"
143,143,0,00000000,00000000,0,0,00000000,0,0,0,00000000,0,0,1,0,"_","_","_","_"
144,144,0,00000000,00000000,0,0,00000000,0,0,0,00000000,0,0,1,0,"_","_","_","_"
145,145,0,00000000,00000000,0,0,00000000,0,0,0,00000000,0,0,1,0,"_","_","_","_"
146,146,0,00000000,00000000,0,0,00000000,0,0,0,00000000,0,0,1,0,"_","_","_","_"
147,147,0,00000000,00000000,0,0,00000000,0,0,0,00000000,0,0,1,0,"_","_","_","_"
148,148,0,00000000,00000000,0,0,00000000,0,0,0,00000000,0,0,1,0,"_","_","_","_"
149,149,0,00000000,00000000,0,0,00000000,0,0,0,00000000,0,0,1,0,"_","_","_","_"
150,150,0,00000000,00000000,0,0,00000000,0,0,0,00000000,0,0,1,0,"_","_","_","_"
151,151,0,00000000,00000000,0,0,00000000,0,0,0,00000000,0,0,1,0,"_","_","_","_"
152,152,0,00000000,00000000,0,0,00000000,0,0,0,00000000,0,0,1,0,"_","_","_","_"
153,153,0,00000000,00000000,0,0,00000000,0,0,0,00000000,0,0,1,0,"_","_","_","_"
154,154,0,00000000,00000000,0,0,00000000,0,0,0,00000000,0,0,1,0,"_","_","_","_"
155,155,0,00000000,00000000,0,0,00000000,0,0,0,00000000,0,0,1,0,"_","_","_","_"
156,156,0,00000000,00000000,0,0,00000000,0,0,0,00000000,0,0,1,0,"_","_","_","_"
157,157,0,00000000,00000000,0,0,00000000,0,0,0,00000000,0,0,1,0,"_","_","_","_"
158,158,0,00000000,00000000,0,0,00000000,0,0,0,00000000,0,0,1,0,"_","_","_","_"
159,159,0,00000000,00000000,0,0,00000000,0,0,0,00000000,0,0,1,0,"_","_","_","_"
160,160,0,00000000,00000000,0,0,00000000,0,0,0,00000000,0,0,1,0,"_","_","_","_"
161,161,0,00000000,00000000,0,0,00000000,0,0,0,00000000,0,0,1,0,"_","_","_","_"
162,162,0,00000000,00000000,0,0,00000000,0,0,0,00000000,0,0,1,0,"_","_","_","_"
163,163,0,00000000,00000000,0,0,00000000,0,0,0,00000000,0,0,1,0,"_","_","_","_"
164,164,0,00000000,00000000,0,0,00000000,0,0,0,00000000,0,0,1,0,"_","_","_","_"
165,165,0,00000000,00000000,0,0,00000000,0,0,0,00000000,0,0,1,0,"_","_","_","_"
166,166,0,00000000,00000000,0,0,00000000,0,0,0,00000000,0,0,1,0,"_","_","_","_"
167,167,0,00000000,00000000,0,0,00000000,0,0,0,00000000,0,0,1,0,"_","_","_","_"
168,168,0,00000000,00000000,0,0,00000000,0,0,0,00000000,0,0,1,0,"_","_","_","_"
169,169,0,00000000,00000000,0,0,00000000,0,0,0,00000000,0,0,1,0,"_","_","_","_"
170,170,0,00000000,00000000,0,0,00000000,0,0,0,00000000,0,0,1,0,"_","_","_","_"
171,171,0,00000000,00000000,0,0,00000000,0,0,0,00000000,0,0,1,0,"_","_","_","_"
172,172,0,00000000,00000000,0,0,00000000,0,0,0,00000000,0,0,1,0,"_","_","_","_"
173,173,0,00000000,00000000,0,0,00000000,0,0,0,00000000,0,0,1,0,"_","_","_","_"
174,174,0,00000000,00000000,0,0,00000000,0,0,0,00000000,0,0,1,0,"_","_","_","_"
175,175,0,00000000,00000000,0,0,00000000,0,0,0,00000000,0,0,1,0,"_","_","_","_"
176,176,0,00000000,00000000,0,0,00000000,0,0,0,00000000,0,0,1,0,"_","_","_","_"
177,177,0,00000000,00000000,0,0,00000000,0,0,0,00000000,0,0,1,0,"_","_","_","_"
178,178,0,00000000,00000000,0,0,00000000,0,0,0,00000000,0,0,1,0,"_","_","_","_"
179,179,0,00000000,00000000,0,0,00000000,0,0,0,00000000,0,0,1,0,"_","_","_","_"
180,180,0,00000000,00000000,0,0,00000000,0,0,0,00000000,0,0,1,0,"_","_","_","_"
181,181,0,00000000,00000000,0,0,00000000,0,0,0,00000000,0,0,1,0,"_","_","_","_"
182,182,0,00000000,00000000,0,0,00000000,0,0,0,00000000,0,0,1,0,"_","_","_","_"
183,183,0,00000000,00000000,0,0,00000000,0,0,0,00000000,0,0,1,0,"_","_","_","_"
184,184,0,00000000,00000000,0,0,00000000,0,0,0,00000000,0,0,1,0,"_","_","_","_"
185,185,0,00000000,00000000,0,0,00000000,0,0,0,00000000,0,0,1,0,"_","_","_","_"
186,186,0,00000000,00000000,0,0,00000000,0,0,0,00000000,0,0,1,0,"_","_","_","_"
187,187,0,00000000,00000000,0,0,00000000,0,0,0,00000000,0,0,1,0,"_","_","_","_"
188,188,0,00000000,00000000,0,0,00000000,0,0,0,00000000,0,0,1,0,"_","_","_","_"
189,189,0,00000000,00000000,0,0,00000000,0,0,0,00000000,0,0,1,0,"_","_","_","_"
190,190,0,00000000,00000000,0,0,00000000,0,0,0,00000000,0,0,1,0,"_","_","_","_"
191,191,0,00000000,00000000,0,0,00000000,0,0,0,00000000,0,0,1,0,"_","_","_","_"
192,192,0,00000000,00000000,0,0,00000000,0,0,0,00000000,0,0,1,0,"_","_","_","_"
193,193,0,00000000,00000000,0,0,00000000,0,0,0,00000000,0,0,1,0,"_","_","_","_"
194,194,0,00000000,00000000,0,0,00000000,0,0,0,00000000,0,0,1,0,"_","_","_","_"
195,195,0,00000000,00000000,0,0,00000000,0,0,0,00000000,0,0,1,0,"_","_","_","_"
196,196,0,00000000,00000000,0,0,00000000,0,0,0,00000000,0,0,1,0,"_","_","_","_"
197,197,0,00000000,00000000,0,0,00000000,0,0,0,00000000,0,0,1,0,"_","_","_","_"
198,198,0,00000000,00000000,0,0,00000000,0,0,0,00000000,0,0,1,0,"_","_","_","_"
199,199,0,00000000,00000000,0,0,00000000,0,0,0,00000000,0,0,1,0,"_","_","_","_"
200,200,0,00000000,00000000,0,0,00000000,0,0,0,00000000,0,0,1,0,"_","_","_","_"
201,201,0,00000000,00000000,0,0,00000000,0,0,0,00000000,0,0,1,0,"_","_","_","_"
202,202,0,00000000,00000000,0,0,00000000,0,0,0,00000000,0,0,1,0,"_","_","_","_"
203,203,0,00000000,00000000,0,0,00000000,0,0,0,00000000,0,0,1,0,"_","_","_","_"
204,204,0,00000000,00000000,0,0,00000000,0,0,0,00000000,0,0,1,0,"_","_","_","_"
205,205,0,00000000,00000000,0,0,00000000,0,0,0,00000000,0,0,1,0,"_","_","_","_"
206,206,0,00000000,00000000,0,0,00000000,0,0,0,00000000,0,0,1,0,"_","_","_","_"
207,207,0,00000000,00000000,0,0,00000000,0,0,0,00000000,0,0,1,0,"_","_","_","_"
208,208,0,00000000,00000000,0,0,00000000,0,0,0,00000000,0,0,1,0,"_","_","_","_"
209,209,0,00000000,00000000,0,0,00000000,0,0,0,00000000,0,0,1,0,"_","_","_","_"
210,210,0,00000000,00000000,0,0,00000000,0,0,0,00000000,0,0,1,0,"_","_","_","_"
211,211,0,00000000,00000000,0,0,00000000,0,0,0,00000000,0,0,1,0,"_","_","_","_"
212,212,0,00000000,00000000,0,0,00000000,0,0,0,00000000,0,0,1,0,"_","_","_","_"
213,213,0,00000000,00000000,0,0,00000000,0,0,0,00000000,0,0,1,0,"_","_","_","_"
214,214,0,00000000,00000000,0,0,00000000,0,0,0,00000000,0,0,1,0,"_","_","_","_"
215,215,0,00000000,00000000,0,0,00000000,0,0,0,00000000,0,0,1,0,"_","_","_","_"
216,216,0,00000000,00000000,0,0,00000000,0,0,0,00000000,0,0,1,0,"_","_","_","_"
217,217,0,00000000,00000000,0,0,00000000,0,0,0,00000000,0,0,1,0,"_","_","_","_"
218,218,0,00000000,00000000,0,0,00000000,0,0,0,00000000,0,0,1,0,"_","_","_","_"
219,219,0,00000000,00000000,0,0,00000000,0,0,0,00000000,0,0,1,0,"_","_","_","_"
220,220,0,00000000,00000000,0,0,00000000,0,0,0,00000000,0,0,1,0,"_","_","_","_"
221,221,0,00000000,00000000,0,0,00000000,0,0,0,00000000,0,0,1,0,"_","_","_","_"
222,222,0,00000000,00000000,0,0,00000000,0,0,0,00000000,0,0,1,0,"_","_","_","_"
223,223,0,00000000,00000000,0,0,00000000,0,0,0,00000000,0,0,1,0,"_","_","_","_"
224,224,0,00000000,00000000,0,0,00000000,0,0,0,00000000,0,0,1,0,"_","_","_","_"
225,225,0,00000000,00000000,0,0,00000000,0,0,0,00000000,0,0,1,0,"_","_","_","_"
226,226,0,00000000,00000000,0,0,00000000,0,0,0,00000000,0,0,1,0,"_","_","_","_"
227,227,0,00000000,00000000,0,0,00000000,0,0,0,00000000,0,0,1,0,"_","_","_","_"
228,228,0,00000000,00000000,0,0,00000000,0,0,0,00000000,0,0,1,0,"_","_","_","_"
229,229,0,00000000,00000000,0,0,00000000,0,0,0,00000000,0,0,1,0,"_","_","_","_"
230,230,0,00000000,00000000,0,0,00000000,0,0,0,00000000,0,0,1,0,"_","_","_","_"
231,231,0,00000000,00000000,0,0,00000000,0,0,0,00000000,0,0,1,0,"_","_","_","_"
232,232,0,00000000,00000000,0,0,00000000,0,0,0,00000000,0,0,1,0,"_","_","_","_"
233,233,0,00000000,00000000,0,0,00000000,0,0,0,00000000,0,0,1,0,"_","_","_","_"
234,234,0,00000000,00000000,0,0,00000000,0,0,0,00000000,0,0,1,0,"_","_","_","_"
235,235,0,00000000,00000000,0,0,00000000,0,0,0,00000000,0,0,1,0,"_","_","_","_"
236,236,0,00000000,00000000,0,0,00000000,0,0,0,00000000,0,0,1,0,"_","_","_","_"
237,237,0,00000000,00000000,0,0,00000000,0,0,0,00000000,0,0,1,0,"_","_","_","_"
238,238,0,00000000,00000000,0,0,00000000,0,0,0,00000000,0,0,1,0,"_","_","_","_"
239,239,0,00000000,00000000,0,0,00000000,0,0,0,00000000,0,0,1,0,"_","_","_","_"
240,240,0,00000000,00000000,0,0,00000000,0,0,0,00000000,0,0,1,0,"_","_","_","_"
241,241,0,00000000,00000000,0,0,00000000,0,0,0,00000000,0,0,1,0,"_","_","_","_"
242,242,0,00000000,00000000,0,0,00000000,0,0,0,00000000,0,0,1,0,"_","_","_","_"
243,243,0,00000000,00000000,0,0,00000000,0,0,0,00000000,0,0,1,0,"_","_","_","_"
244,244,0,00000000,00000000,0,0,00000000,0,0,0,00000000,0,0,1,0,"_","_","_","_"
245,245,0,00000000,00000000,0,0,00000000,0,0,0,00000000,0,0,1,0,"_","_","_","_"
246,246,0,00000000,00000000,0,0,00000000,0,0,0,00000000,0,0,1,0,"_","_","_","_"
247,247,0,00000000,00000000,0,0,00000000,0,0,0,00000000,0,0,1,0,"_","_","_","_"
248,248,0,00000000,00000000,0,0,00000000,0,0,0,00000000,0,0,1,0,"_","_","_","_"
249,249,0,00000000,00000000,0,0,00000000,0,0,0,00000000,0,0,1,0,"_","_","_","_"
250,250,0,00000000,00000000,0,0,00000000,0,0,0,00000000,0,0,1,0,"_","_","_","_"
251,251,0,00000000,00000000,0,0,00000000,0,0,0,00000000,0,0,1,0,"_","_","_","_"
252,252,0,00000000,00000000,0,0,00000000,0,0,0,00000000,0,0,1,0,"_","_","_","_"
253,253,0,00000000,00000000,0,0,00000000,0,0,0,00000000,0,0,1,0,"_","_","_","_"
254,254,0,00000000,00000000,0,0,00000000,0,0,0,00000000,0,0,1,0,"_","_","_","_"
255,255,0,00000000,00000000,0,0,00000000,0,0,0,00000000,0,0,1,0,"_","_","_","_"
256,256,0,00000000,00000000,0,0,00000000,0,0,0,00000000,0,0,1,0,"_","_","_","_"
257,257,0,00000000,00000000,0,0,00000000,0,0,0,00000000,0,0,1,0,"_","_","_","_"
258,258,0,00000000,00000000,0,0,00000000,0,0,0,00000000,0,0,1,0,"_","_","_","_"
259,259,0,00000000,00000000,0,0,00000000,0,0,0,00000000,0,0,1,0,"_","_","_","_"
260,260,0,00000000,00000000,0,0,00000000,0,0,0,00000000,0,0,1,0,"_","_","_","_"
261,261,0,00000000,00000000,0,0,00000000,0,0,0,00000000,0,0,1,0,"_","_","_","_"
262,262,0,00000000,00000000,0,0,00000000,0,0,0,00000000,0,0,1,0,"_","_","_","_"
263,263,0,00000000,00000000,0,0,00000000,0,0,0,00000000,0,0,1,0,"_","_","_","_"
264,264,0,00000000,00000000,0,0,00000000,0,0,0,00000000,0,0,1,0,"_","_","_","_"
265,265,0,00000000,00000000,0,0,00000000,0,0,0,00000000,0,0,1,0,"_","_","_","_"
266,266,0,00000000,00000000,0,0,00000000,0,0,0,00000000,0,0,1,0,"_","_","_","_"
267,267,0,00000000,00000000,0,0,00000000,0,0,0,00000000,0,0,1,0,"_","_","_","_"
268,268,0,00000000,00000000,0,0,00000000,0,0,0,00000000,0,0,1,0,"_","_","_","_"
269,269,0,00000000,00000000,0,0,00000000,0,0,0,00000000,0,0,1,0,"_","_","_","_"
270,270,0,00000000,00000000,0,0,00000000,0,0,0,00000000,0,0,1,0,"_","_","_","_"
271,271,0,00000000,00000000,0,0,00000000,0,0,0,00000000,0,0,1,0,"_","_","_","_"
272,272,0,00000000,00000000,0,0,00000000,0,0,0,00000000,0,0,1,0,"_","_","_","_"
273,273,0,00000000,00000000,0,0,00000000,0,0,0,00000000,0,0,1,0,"_","_","_","_"
274,274,0,00000000,00000000,0,0,00000000,0,0,0,00000000,0,0,1,0,"_","_","_","_"
275,275,0,00000000,00000000,0,0,00000000,0,0,0,00000000,0,0,1,0,"_","_","_","_"
276,276,0,00000000,00000000,0,0,00000000,0,0,0,00000000,0,0,1,0,"_","_","_","_"
277,277,0,00000000,00000000,0,0,00000000,0,0,0,00000000,0,0,1,0,"_","_","_","_"
278,278,0,00000000,00000000,0,0,00000000,0,0,0,00000000,0,0,1,0,"_","_","_","_"
279,279,0,00000000,00000000,0,0,00000000,0,0,0,00000000,0,0,1,0,"_","_","_","_"
280,280,0,00000000,00000000,0,0,00000000,0,0,0,00000000,0,0,1,0,"_","_","_","_"
281,281,0,00000000,00000000,0,0,00000000,0,0,0,00000000,0,0,1,0,"_","_","_","_"
282,282,0,00000000,00000000,0,0,00000000,0,0,0,00000000,0,0,1,0,"_","_","_","_"
283,283,0,00000000,00000000,0,0,00000000,0,0,0,00000000,0,0,1,0,"_","_","_","_"
284,284,0,00000000,00000000,0,0,00000000,0,0,0,00000000,0,0,1,0,"_","_","_","_"
285,285,0,00000000,00000000,0,0,00000000,0,0,0,00000000,0,0,1,0,"_","_","_","_"
286,286,0,00000000,00000000,0,0,00000000,0,0,0,00000000,0,0,1,0,"_","_","_","_"
287,287,0,00000000,00000000,0,0,00000000,0,0,0,00000000,0,0,1,0,"_","_","_","_"
288,288,0,00000000,00000000,0,0,00000000,0,0,0,00000000,0,0,1,0,"_","_","_","_"
289,289,0,00000000,00000000,0,0,00000000,0,0,0,00000000,0,0,1,0,"_","_","_","_"
290,290,0,00000000,00000000,0,0,00000000,0,0,0,00000000,0,0,1,0,"_","_","_","_"
291,291,0,00000000,00000000,0,0,00000000,0,0,0,00000000,0,0,1,0,"_","_","_","_"
292,292,0,00000000,00000000,0,0,00000000,0,0,0,00000000,0,0,1,0,"_","_","_","_"
293,293,0,00000000,00000000,0,0,00000000,0,0,0,00000000,0,0,1,0,"_","_","_","_"
294,294,0,00000000,00000000,0,0,00000000,0,0,0,00000000,0,0,1,0,"_","_","_","_"
295,295,0,00000000,00000000,0,0,00000000,0,0,0,00000000,0,0,1,0,"_","_","_","_"
296,296,0,00000000,00000000,0,0,00000000,0,0,0,00000000,0,0,1,0,"_","_","_","_"
297,297,0,00000000,00000000,0,0,00000000,0,0,0,00000000,0,0,1,0,"_","_","_","_"
298,298,0,00000000,00000000,0,0,00000000,0,0,0,00000000,0,0,1,0,"_","_","_","_"
299,299,0,00000000,00000000,0,0,00000000,0,0,0,00000000,0,0,1,0,"_","_","_","_"
300,300,0,00000000,00000000,0,0,00000000,0,0,0,00000000,0,0,1,0,"_","_","_","_"
301,301,0,00000000,00000000,0,0,00000000,0,0,0,00000000,0,0,1,0,"_","_","_","_"
302,302,0,00000000,00000000,0,0,00000000,0,0,0,00000000,0,0,1,0,"_","_","_","_"
303,303,0,00000000,00000000,0,0,00000000,0,0,0,00000000,0,0,1,0,"_","_","_","_"
304,304,0,00000000,00000000,0,0,00000000,0,0,0,00000000,0,0,1,0,"_","_","_","_"
305,305,0,00000000,00000000,0,0,00000000,0,0,0,00000000,0,0,1,0,"_","_","_","_"
306,306,0,00000000,00000000,0,0,00000000,0,0,0,00000000,0,0,1,0,"_","_","_","_"
307,307,0,00000000,00000000,0,0,00000000,0,0,0,00000000,0,0,1,0,"_","_","_","_"
308,308,0,00000000,00000000,0,0,00000000,0,0,0,00000000,0,0,1,0,"_","_","_","_"
309,309,0,00000000,00000000,0,0,00000000,0,0,0,00000000,0,0,1,0,"_","_","_","_"
310,310,0,00000000,00000000,0,0,00000000,0,0,0,00000000,0,0,1,0,"_","_","_","_"
311,311,0,00000000,00000000,0,0,00000000,0,0,0,00000000,0,0,1,0,"_","_","_","_"
312,312,0,00000000,00000000,0,0,00000000,0,0,0,00000000,0,0,1,0,"_","_","_","_"
313,313,0,00000000,00000000,0,0,00000000,0,0,0,00000000,0,0,1,0,"_","_","_","_"
314,314,0,00000000,00000000,0,0,00000000,0,0,0,00000000,0,0,1,0,"_","_","_","_"
315,315,0,00000000,00000000,0,0,00000000,0,0,0,00000000,0,0,1,0,"_","_","_","_"
316,316,0,00000000,00000000,0,0,00000000,0,0,0,00000000,0,0,1,0,"_","_","_","_"
317,317,0,00000000,00000000,0,0,00000000,0,0,0,00000000,0,0,1,0,"_","_","_","_"
318,318,0,00000000,00000000,0,0,00000000,0,0,0,00000000,0,0,1,0,"_","_","_","_"
319,319,0,00000000,00000000,0,0,00000000,0,0,0,00000000,0,0,1,0,"_","_","_","_"
320,320,0,00000000,00000000,0,0,00000000,0,0,0,00000000,0,0,1,0,"_","_","_","_"
321,321,0,00000000,00000000,0,0,00000000,0,0,0,00000000,0,0,1,0,"_","_","_","_"
322,322,0,00000000,00000000,0,0,00000000,0,0,0,00000000,0,0,1,0,"_","_","_","_"
323,323,0,00000000,00000000,0,0,00000000,0,0,0,00000000,0,0,1,0,"_","_","_","_"
324,324,0,00000000,00000000,0,0,00000000,0,0,0,00000000,0,0,1,0,"_","_","_","_"
325,325,0,00000000,00000000,0,0,00000000,0,0,0,00000000,0,0,1,0,"_","_","_","_"
326,326,0,00000000,00000000,0,0,00000000,0,0,0,00000000,0,0,1,0,"_","_","_","_"
327,327,0,00000000,00000000,0,0,00000000,0,0,0,00000000,0,0,1,0,"_","_","_","_"
328,328,0,00000000,00000000,0,0,00000000,0,0,0,00000000,0,0,1,0,"_","_","_","_"
329,329,0,00000000,00000000,0,0,00000000,0,0,0,00000000,0,0,1,0,"_","_","_","_"
330,330,0,00000000,00000000,0,0,00000000,0,0,0,00000000,0,0,1,0,"_","_","_","_"
331,331,0,00000000,00000000,0,0,00000000,0,0,0,00000000,0,0,1,0,"_","_","_","_"
332,332,0,00000000,00000000,0,0,00000000,0,0,0,00000000,0,0,1,0,"_","_","_","_"
333,333,0,00000000,00000000,0,0,00000000,0,0,0,00000000,0,0,1,0,"_","_","_","_"
334,334,0,00000000,00000000,0,0,00000000,0,0,0,00000000,0,0,1,0,"_","_","_","_"
335,335,0,00000000,00000000,0,0,00000000,0,0,0,00000000,0,0,1,0,"_","_","_","_"
336,336,0,00000000,00000000,0,0,00000000,0,0,0,00000000,0,0,1,0,"_","_","_","_"
337,337,0,00000000,00000000,0,0,00000000,0,0,0,00000000,0,0,1,0,"_","_","_","_"
338,338,0,00000000,00000000,0,0,00000000,0,0,0,00000000,0,0,1,0,"_","_","_","_"
339,339,0,00000000,00000000,0,0,00000000,0,0,0,00000000,0,0,1,0,"_","_","_","_"
340,340,0,00000000,00000000,0,0,00000000,0,0,0,00000000,0,0,1,0,"_","_","_","_"
341,341,0,00000000,00000000,0,0,00000000,0,0,0,00000000,0,0,1,0,"_","_","_","_"
342,342,0,00000000,00000000,0,0,00000000,0,0,0,00000000,0,0,1,0,"_","_","_","_"
343,343,0,00000000,00000000,0,0,00000000,0,0,0,00000000,0,0,1,0,"_","_","_","_"
344,344,0,00000000,00000000,0,0,00000000,0,0,0,00000000,0,0,1,0,"_","_","_","_"
345,345,0,00000000,00000000,0,0,00000000,0,0,0,00000000,0,0,1,0,"_","_","_","_"
346,346,0,00000000,00000000,0,0,00000000,0,0,0,00000000,0,0,1,0,"_","_","_","_"
347,347,0,00000000,00000000,0,0,00000000,0,0,0,00000000,0,0,1,0,"_","_","_","_"
348,348,0,00000000,00000000,0,0,00000000,0,0,0,00000000,0,0,1,0,"_","_","_","_"
349,349,0,00000000,00000000,0,0,00000000,0,0,0,00000000,0,0,1,0,"_","_","_","_"
350,350,0,00000000,00000000,0,0,00000000,0,0,0,00000000,0,0,1,0,"_","_","_","_"
351,351,0,00000000,00000000,0,0,00000000,0,0,0,00000000,0,0,1,0,"_","_","_","_"
352,352,0,00000000,00000000,0,0,00000000,0,0,0,00000000,0,0,1,0,"_","_","_","_"
353,353,0,00000000,00000000,0,0,00000000,0,0,0,00000000,0,0,1,0,"_","_","_","_"
354,354,0,00000000,00000000,0,0,00000000,0,0,0,00000000,0,0,1,0,"_","_","_","_"
355,355,0,00000000,00000000,0,0,00000000,0,0,0,00000000,0,0,1,0,"_","_","_","_"
356,356,0,00000000,00000000,0,0,00000000,0,0,0,00000000,0,0,1,0,"_","_","_","_"
357,357,0,00000000,00000000,0,0,00000000,0,0,0,00000000,0,0,1,0,"_","_","_","_"
358,358,0,00000000,00000000,0,0,00000000,0,0,0,00000000,0,0,1,0,"_","_","_","_"
359,359,0,00000000,00000000,0,0,00000000,0,0,0,00000000,0,0,1,0,"_","_","_","_"
360,360,0,00000000,00000000,0,0,00000000,0,0,0,00000000,0,0,1,0,"_","_","_","_"
361,361,0,00000000,00000000,0,0,00000000,0,0,0,00000000,0,0,1,0,"_","_","_","_"
362,362,0,00000000,00000000,0,0,00000000,0,0,0,00000000,0,0,1,0,"_","_","_","_"
363,363,0,00000000,00000000,0,0,00000000,0,0,0,00000000,0,0,1,0,"_","_","_","_"
364,364,0,00000000,00000000,0,0,00000000,0,0,0,00000000,0,0,1,0,"_","_","_","_"
365,365,0,00000000,00000000,0,0,00000000,0,0,0,00000000,0,0,1,0,"_","_","_","_"
366,366,0,00000000,00000000,0,0,00000000,0,0,0,00000000,0,0,1,0,"_","_","_","_"
367,367,0,00000000,00000000,0,0,00000000,0,0,0,00000000,0,0,1,0,"_","_","_","_"
368,368,0,00000000,00000000,0,0,00000000,0,0,0,00000000,0,0,1,0,"_","_","_","_"
369,369,0,00000000,00000000,0,0,00000000,0,0,0,00000000,0,0,1,0,"_","_","_","_"
370,370,0,00000000,00000000,0,0,00000000,0,0,0,00000000,0,0,1,0,"_","_","_","_"
371,371,0,00000000,00000000,0,0,00000000,0,0,0,00000000,0,0,1,0,"_","_","_","_"
372,372,0,00000000,00000000,0,0,00000000,0,0,0,00000000,0,0,1,0,"_","_","_","_"
373,373,0,00000000,00000000,0,0,00000000,0,0,0,00000000,0,0,1,0,"_","_","_","_"
374,374,0,00000000,00000000,0,0,00000000,0,0,0,00000000,0,0,1,0,"_","_","_","_"
375,375,0,00000000,00000000,0,0,00000000,0,0,0,00000000,0,0,1,0,"_","_","_","_"
376,376,0,00000000,00000000,0,0,00000000,0,0,0,00000000,0,0,1,0,"_","_","_","_"
377,377,0,00000000,00000000,0,0,00000000,0,0,0,00000000,0,0,1,0,"_","_","_","_"
378,378,0,00000000,00000000,0,0,00000000,0,0,0,00000000,0,0,1,0,"_","_","_","_"
379,379,0,00000000,00000000,0,0,00000000,0,0,0,00000000,0,0,1,0,"_","_","_","_"
380,380,0,00000000,00000000,0,0,00000000,0,0,0,00000000,0,0,1,0,"_","_","_","_"
381,381,0,00000000,00000000,0,0,00000000,0,0,0,00000000,0,0,1,0,"_","_","_","_"
382,382,0,00000000,00000000,0,0,00000000,0,0,0,00000000,0,0,1,0,"_","_","_","_"
383,383,0,00000000,00000000,0,0,00000000,0,0,0,00000000,0,0,1,0,"_","_","_","_"
384,384,0,00000000,00000000,0,0,00000000,0,0,0,00000000,0,0,1,0,"_","_","_","_"
385,385,0,00000000,00000000,0,0,00000000,0,0,0,00000000,0,0,1,0,"_","_","_","_"
386,386,0,00000000,00000000,0,0,00000000,0,0,0,00000000,0,0,1,0,"_","_","_","_"
387,387,0,00000000,00000000,0,0,00000000,0,0,0,00000000,0,0,1,0,"_","_","_","_"
388,388,0,00000000,00000000,0,0,00000000,0,0,0,00000000,0,0,1,0,"_","_","_","_"
389,389,0,00000000,00000000,0,0,00000000,0,0,0,00000000,0,0,1,0,"_","_","_","_"
390,390,0,00000000,00000000,0,0,00000000,0,0,0,00000000,0,0,1,0,"_","_","_","_"
391,391,0,00000000,00000000,0,0,00000000,0,0,0,00000000,0,0,1,0,"_","_","_","_"
392,392,0,00000000,00000000,0,0,00000000,0,0,0,00000000,0,0,1,0,"_","_","_","_"
393,393,0,00000000,00000000,0,0,00000000,0,0,0,00000000,0,0,1,0,"_","_","_","_"
394,394,0,00000000,00000000,0,0,00000000,0,0,0,00000000,0,0,1,0,"_","_","_","_"
395,395,0,00000000,00000000,0,0,00000000,0,0,0,00000000,0,0,1,0,"_","_","_","_"
396,396,0,00000000,00000000,0,0,00000000,0,0,0,00000000,0,0,1,0,"_","_","_","_"
397,397,0,00000000,00000000,0,0,00000000,0,0,0,00000000,0,0,1,0,"_","_","_","_"
398,398,0,00000000,00000000,0,0,00000000,0,0,0,00000000,0,0,1,0,"_","_","_","_"
399,399,0,00000000,00000000,0,0,00000000,0,0,0,00000000,0,0,1,0,"_","_","_","_"
400,400,0,00000000,00000000,0,0,00000000,0,0,0,00000000,0,0,1,0,"_","_","_","_"
401,401,0,00000000,00000000,0,0,00000000,0,0,0,00000000,0,0,1,0,"_","_","_","_"
402,402,0,00000000,00000000,0,0,00000000,0,0,0,00000000,0,0,1,0,"_","_","_","_"
403,403,0,00000000,00000000,0,0,00000000,0,0,0,00000000,0,0,1,0,"_","_","_","_"
404,404,0,00000000,00000000,0,0,00000000,0,0,0,00000000,0,0,1,0,"_","_","_","_"
405,405,0,00000000,00000000,0,0,00000000,0,0,0,00000000,0,0,1,0,"_","_","_","_"
406,406,0,00000000,00000000,0,0,00000000,0,0,0,00000000,0,0,1,0,"_","_","_","_"
407,407,0,00000000,00000000,0,0,00000000,0,0,0,00000000,0,0,1,0,"_","_","_","_"
408,408,0,00000000,00000000,0,0,00000000,0,0,0,00000000,0,0,1,0,"_","_","_","_"
409,409,0,00000000,00000000,0,0,00000000,0,0,0,00000000,0,0,1,0,"_","_","_","_"
410,410,0,00000000,00000000,0,0,00000000,0,0,0,00000000,0,0,1,0,"_","_","_","_"
411,411,0,00000000,00000000,0,0,00000000,0,0,0,00000000,0,0,1,0,"_","_","_","_"
412,412,0,00000000,00000000,0,0,00000000,0,0,0,00000000,0,0,1,0,"_","_","_","_"
413,413,0,00000000,00000000,0,0,00000000,0,0,0,00000000,0,0,1,0,"_","_","_","_"
414,414,0,00000000,00000000,0,0,00000000,0,0,0,00000000,0,0,1,0,"_","_","_","_"
415,415,0,00000000,00000000,0,0,00000000,0,0,0,00000000,0,0,1,0,"_","_","_","_"
416,416,0,00000000,00000000,0,0,00000000,0,0,0,00000000,0,0,1,0,"_","_","_","_"
417,417,0,00000000,00000000,0,0,00000000,0,0,0,00000000,0,0,1,0,"_","_","_","_"
418,418,0,00000000,00000000,0,0,00000000,0,0,0,00000000,0,0,1,0,"_","_","_","_"
419,419,0,00000000,00000000,0,0,00000000,0,0,0,00000000,0,0,1,0,"_","_","_","_"
420,420,0,00000000,00000000,0,0,00000000,0,0,0,00000000,0,0,1,0,"_","_","_","_"
421,421,0,00000000,00000000,0,0,00000000,0,0,0,00000000,0,0,1,0,"_","_","_","_"
422,422,0,00000000,00000000,0,0,00000000,0,0,0,00000000,0,0,1,0,"_","_","_","_"
423,423,0,00000000,00000000,0,0,00000000,0,0,0,00000000,0,0,1,0,"_","_","_","_"
424,424,0,00000000,00000000,0,0,00000000,0,0,0,00000000,0,0,1,0,"_","_","_","_"
425,425,0,00000000,00000000,0,0,00000000,0,0,0,00000000,0,0,1,0,"_","_","_","_"
426,426,0,00000000,00000000,0,0,00000000,0,0,0,00000000,0,0,1,0,"_","_","_","_"
427,427,0,00000000,00000000,0,0,00000000,0,0,0,00000000,0,0,1,0,"_","_","_","_"
428,428,0,00000000,00000000,0,0,00000000,0,0,0,00000000,0,0,1,0,"_","_","_","_"
429,429,0,00000000,00000000,0,0,00000000,0,0,0,00000000,0,0,1,0,"_","_","_","_"
430,430,0,00000000,00000000,0,0,00000000,0,0,0,00000000,0,0,1,0,"_","_","_","_"
431,431,0,00000000,00000000,0,0,00000000,0,0,0,00000000,0,0,1,0,"_","_","_","_"
432,432,0,00000000,00000000,0,0,00000000,0,0,0,00000000,0,0,1,0,"_","_","_","_"
433,433,0,00000000,00000000,0,0,00000000,0,0,0,00000000,0,0,1,0,"_","_","_","_"
434,434,0,00000000,00000000,0,0,00000000,0,0,0,00000000,0,0,1,0,"_","_","_","_"
435,435,0,00000000,00000000,0,0,00000000,0,0,0,00000000,0,0,1,0,"_","_","_","_"
436,436,0,00000000,00000000,0,0,00000000,0,0,0,00000000,0,0,1,0,"_","_","_","_"
437,437,0,00000000,00000000,0,0,00000000,0,0,0,00000000,0,0,1,0,"_","_","_","_"
438,438,0,00000000,00000000,0,0,00000000,0,0,0,00000000,0,0,1,0,"_","_","_","_"
439,439,0,00000000,00000000,0,0,00000000,0,0,0,00000000,0,0,1,0,"_","_","_","_"
440,440,0,00000000,00000000,0,0,00000000,0,0,0,00000000,0,0,1,0,"_","_","_","_"
441,441,0,00000000,00000000,0,0,00000000,0,0,0,00000000,0,0,1,0,"_","_","_","_"
442,442,0,00000000,00000000,0,0,00000000,0,0,0,00000000,0,0,1,0,"_","_","_","_"
443,443,0,00000000,00000000,0,0,00000000,0,0,0,00000000,0,0,1,0,"_","_","_","_"
444,444,0,00000000,00000000,0,0,00000000,0,0,0,00000000,0,0,1,0,"_","_","_","_"
445,445,0,00000000,00000000,0,0,00000000,0,0,0,00000000,0,0,1,0,"_","_","_","_"
446,446,0,00000000,00000000,0,0,00000000,0,0,0,00000000,0,0,1,0,"_","_","_","_"
447,447,0,00000000,00000000,0,0,00000000,0,0,0,00000000,0,0,1,0,"_","_","_","_"
448,448,0,00000000,00000000,0,0,00000000,0,0,0,00000000,0,0,1,0,"_","_","_","_"
449,449,0,00000000,00000000,0,0,00000000,0,0,0,00000000,0,0,1,0,"_","_","_","_"
450,450,0,00000000,00000000,0,0,00000000,0,0,0,00000000,0,0,1,0,"_","_","_","_"
451,451,0,00000000,00000000,0,0,00000000,0,0,0,00000000,0,0,1,0,"_","_","_","_"
452,452,0,00000000,00000000,0,0,00000000,0,0,0,00000000,0,0,1,0,"_","_","_","_"
453,453,0,00000000,00000000,0,0,00000000,0,0,0,00000000,0,0,1,0,"_","_","_","_"
454,454,0,00000000,00000000,0,0,00000000,0,0,0,00000000,0,0,1,0,"_","_","_","_"
455,455,0,00000000,00000000,0,0,00000000,0,0,0,00000000,0,0,1,0,"_","_","_","_"
456,456,0,00000000,00000000,0,0,00000000,0,0,0,00000000,0,0,1,0,"_","_","_","_"
457,457,0,00000000,00000000,0,0,00000000,0,0,0,00000000,0,0,1,0,"_","_","_","_"
458,458,0,00000000,00000000,0,0,00000000,0,0,0,00000000,0,0,1,0,"_","_","_","_"
459,459,0,00000000,00000000,0,0,00000000,0,0,0,00000000,0,0,1,0,"_","_","_","_"
460,460,0,00000000,00000000,0,0,00000000,0,0,0,00000000,0,0,1,0,"_","_","_","_"
461,461,0,00000000,00000000,0,0,00000000,0,0,0,00000000,0,0,1,0,"_","_","_","_"
462,462,0,00000000,00000000,0,0,00000000,0,0,0,00000000,0,0,1,0,"_","_","_","_"
463,463,0,00000000,00000000,0,0,00000000,0,0,0,00000000,0,0,1,0,"_","_","_","_"
464,464,0,00000000,00000000,0,0,00000000,0,0,0,00000000,0,0,1,0,"_","_","_","_"
465,465,0,00000000,00000000,0,0,00000000,0,0,0,00000000,0,0,1,0,"_","_","_","_"
466,466,0,00000000,00000000,0,0,00000000,0,0,0,00000000,0,0,1,0,"_","_","_","_"
467,467,0,00000000,00000000,0,0,00000000,0,0,0,00000000,0,0,1,0,"_","_","_","_"
468,468,0,00000000,00000000,0,0,00000000,0,0,0,00000000,0,0,1,0,"_","_","_","_"
469,469,0,00000000,00000000,0,0,00000000,0,0,0,00000000,0,0,1,0,"_","_","_","_"
470,470,0,00000000,00000000,0,0,00000000,0,0,0,00000000,0,0,1,0,"_","_","_","_"
471,471,0,00000000,00000000,0,0,00000000,0,0,0,00000000,0,0,1,0,"_","_","_","_"
472,472,0,00000000,00000000,0,0,00000000,0,0,0,00000000,0,0,1,0,"_","_","_","_"
473,473,0,00000000,00000000,0,0,00000000,0,0,0,00000000,0,0,1,0,"_","_","_","_"
474,474,0,00000000,00000000,0,0,00000000,0,0,0,00000000,0,0,1,0,"_","_","_","_"
475,475,0,00000000,00000000,0,0,00000000,0,0,0,00000000,0,0,1,0,"_","_","_","_"
476,476,0,00000000,00000000,0,0,00000000,0,0,0,00000000,0,0,1,0,"_","_","_","_"
477,477,0,00000000,00000000,0,0,00000000,0,0,0,00000000,0,0,1,0,"_","_","_","_"
478,478,0,00000000,00000000,0,0,00000000,0,0,0,00000000,0,0,1,0,"_","_","_","_"
479,479,0,00000000,00000000,0,0,00000000,0,0,0,00000000,0,0,1,0,"_","_","_","_"
480,480,0,00000000,00000000,0,0,00000000,0,0,0,00000000,0,0,1,0,"_","_","_","_"
481,481,0,00000000,00000000,0,0,00000000,0,0,0,00000000,0,0,1,0,"_","_","_","_"
482,482,0,00000000,00000000,0,0,00000000,0,0,0,00000000,0,0,1,0,"_","_","_","_"
483,483,0,00000000,00000000,0,0,00000000,0,0,0,00000000,0,0,1,0,"_","_","_","_"
484,484,0,00000000,00000000,0,0,00000000,0,0,0,00000000,0,0,1,0,"_","_","_","_"
485,485,0,00000000,00000000,0,0,00000000,0,0,0,00000000,0,0,1,0,"_","_","_","_"
486,486,0,00000000,00000000,0,0,00000000,0,0,0,00000000,0,0,1,0,"_","_","_","_"
487,487,0,00000000,00000000,0,0,00000000,0,0,0,00000000,0,0,1,0,"_","_","_","_"
488,488,0,00000000,00000000,0,0,00000000,0,0,0,00000000,0,0,1,0,"_","_","_","_"
489,489,0,00000000,00000000,0,0,00000000,0,0,0,00000000,0,0,1,0,"_","_","_","_"
490,490,0,00000000,00000000,0,0,00000000,0,0,0,00000000,0,0,1,0,"_","_","_","_"
491,491,0,00000000,00000000,0,0,00000000,0,0,0,00000000,0,0,1,0,"_","_","_","_"
492,492,0,00000000,00000000,0,0,00000000,0,0,0,00000000,0,0,1,0,"_","_","_","_"
493,493,0,00000000,00000000,0,0,00000000,0,0,0,00000000,0,0,1,0,"_","_","_","_"
494,494,0,00000000,00000000,0,0,00000000,0,0,0,00000000,0,0,1,0,"_","_","_","_"
495,495,0,00000000,00000000,0,0,00000000,0,0,0,00000000,0,0,1,0,"_","_","_","_"
496,496,0,00000000,00000000,0,0,00000000,0,0,0,00000000,0,0,1,0,"_","_","_","_"
497,497,0,00000000,00000000,0,0,00000000,0,0,0,00000000,0,0,1,0,"_","_","_","_"
498,498,0,00000000,00000000,0,0,00000000,0,0,0,00000000,0,0,1,0,"_","_","_","_"
499,499,0,00000000,00000000,0,0,00000000,0,0,0,00000000,0,0,1,0,"_","_","_","_"
500,500,0,00000000,00000000,0,0,00000000,0,0,0,00000000,0,0,1,0,"_","_","_","_"
501,501,0,00000000,00000000,0,0,00000000,0,0,0,00000000,0,0,1,0,"_","_","_","_"
502,502,0,00000000,00000000,0,0,00000000,0,0,0,00000000,0,0,1,0,"_","_","_","_"
503,503,0,00000000,00000000,0,0,00000000,0,0,0,00000000,0,0,1,0,"_","_","_","_"
504,504,0,00000000,00000000,0,0,00000000,0,0,0,00000000,0,0,1,0,"_","_","_","_"
505,505,0,00000000,00000000,0,0,00000000,0,0,0,00000000,0,0,1,0,"_","_","_","_"
506,506,0,00000000,00000000,0,0,00000000,0,0,0,00000000,0,0,1,0,"_","_","_","_"
507,507,0,00000000,00000000,0,0,00000000,0,0,0,00000000,0,0,1,0,"_","_","_","_"
508,508,0,00000000,00000000,0,0,00000000,0,0,0,00000000,0,0,1,0,"_","_","_","_"
509,509,0,00000000,00000000,0,0,00000000,0,0,0,00000000,0,0,1,0,"_","_","_","_"
510,510,0,00000000,00000000,0,0,00000000,0,0,0,00000000,0,0,1,0,"_","_","_","_"
511,511,0,00000000,00000000,0,0,00000000,0,0,0,00000000,0,0,1,0,"_","_","_","_"
512,512,1,00000000,00000000,0,0,00000000,0,0,0,ffc2012b,f,1,1,0,"_","Active","_","Stream Beat"
513,513,0,00000000,00000000,0,0,00000000,0,0,0,00b80053,f,1,1,0,"_","Active","_","Stream Beat"
514,514,0,00000001,00000000,0,0,00000000,0,0,0,fff5fddf,f,1,1,0,"_","Active","_","Stream Beat"
515,515,0,00000002,00000002,0,0,ffc2012b,1,0,0,feb00111,f,1,1,0,"_","Active","_","Stream Beat"
516,516,0,00000003,00000003,0,0,ffc2012b,1,1,0,004c0087,f,1,1,0,"Active","Active","Stream Beat","Stream Beat"
517,517,0,00000004,00000004,0,0,00b80053,1,1,0,00cffe1b,f,1,1,0,"Active","Active","Stream Beat","Stream Beat"
518,518,0,00000004,00000004,0,0,fff5fddf,1,1,0,fe2effd4,f,1,1,0,"Active","Active","Stream Beat","Stream Beat"
519,519,0,00000004,00000004,0,0,feb00111,1,1,0,01f3ffa0,f,1,1,0,"Active","Active","Stream Beat","Stream Beat"
520,520,0,00000004,00000004,0,0,004c0087,1,1,0,ff320144,f,1,1,0,"Active","Active","Stream Beat","Stream Beat"
521,521,0,00000004,00000004,0,0,00cffe1b,1,1,0,fe38001b,f,1,1,0,"Active","Active","Stream Beat","Stream Beat"
522,522,0,00000004,00000004,0,0,fe2effd4,1,1,0,003efdb3,f,1,1,0,"Active","Active","Stream Beat","Stream Beat"
523,523,0,00000004,00000004,0,0,01f3ffa0,1,1,0,00ac00b5,f,1,1,0,"Active","Active","Stream Beat","Stream Beat"
524,524,0,00000004,00000004,0,0,ff320144,1,1,0,002bff6f,f,1,1,0,"Active","Active","Stream Beat","Stream Beat"
525,525,0,00000004,00000004,0,0,fe38001b,1,1,0,0008fe81,f,1,1,0,"Active","Active","Stream Beat","Stream Beat"
526,526,0,00000004,00000004,0,0,003efdb3,1,1,0,ffe40135,f,1,1,0,"Active","Active","Stream Beat","Stream Beat"
527,527,0,00000004,00000004,0,0,00ac00b5,1,1,0,0081003b,f,1,1,0,"Active","Active","Stream Beat","Stream Beat"
528,528,0,00000004,00000004,0,0,002bff6f,1,1,0,0120fe0d,f,1,1,0,"Active","Active","Stream Beat","Stream Beat"
529,529,0,00000004,00000004,0,0,0008fe81,1,1,0,fdfa015f,f,1,1,0,"Active","Active","Stream Beat","Stream Beat"
530,530,0,00000004,00000004,0,0,ffe40135,1,1,0,000000bf,f,1,1,0,"Active","Active","Stream Beat","Stream Beat"
531,531,0,00000004,00000004,0,0,0081003b,1,1,0,000efcde,f,1,1,0,"Active","Active","Stream Beat","Stream Beat"
532,532,0,00000004,00000004,0,0,0120fe0d,1,1,0,01120151,f,1,1,0,"Active","Active","Stream Beat","Stream Beat"
533,533,0,00000004,00000004,0,0,fdfa015f,1,1,0,ffe7ffc7,f,1,1,0,"Active","Active","Stream Beat","Stream Beat"
534,534,0,00000004,00000004,0,0,000000bf,1,1,0,007bfe9c,f,1,1,0,"Active","Active","Stream Beat","Stream Beat"
535,535,0,00000004,00000004,0,0,000efcde,1,1,0,0079022e,f,1,1,0,"Active","Active","Stream Beat","Stream Beat"
536,536,0,00000004,00000004,0,0,01120151,1,1,0,ffe60173,f,1,1,0,"Active","Active","Stream Beat","Stream Beat"
537,537,0,00000004,00000004,0,0,ffe7ffc7,1,1,0,fe5cfd10,f,1,1,0,"Active","Active","Stream Beat","Stream Beat"
538,538,0,00000004,00000004,0,0,007bfe9c,1,1,0,005d0171,f,1,1,0,"Active","Active","Stream Beat","Stream Beat"
539,539,0,00000004,00000004,0,0,0079022e,1,1,0,0040ffb9,f,1,1,0,"Active","Active","Stream Beat","Stream Beat"
540,540,0,00000004,00000004,0,0,ffe60173,1,1,0,ff40fd41,f,1,1,0,"Active","Active","Stream Beat","Stream Beat"
541,541,0,00000004,00000004,0,0,fe5cfd10,1,1,0,021402cb,f,1,1,0,"Active","Active","Stream Beat","Stream Beat"
542,542,0,00000004,00000004,0,0,005d0171,1,1,0,fed4ffc6,f,1,1,0,"Active","Active","Stream Beat","Stream Beat"
543,543,0,00000004,00000004,0,0,0040ffb9,1,1,0,fec7fe24,f,1,1,0,"Active","Active","Stream Beat","Stream Beat"
544,544,0,00000004,00000004,0,0,ff40fd41,1,1,0,0085028d,f,1,1,0,"Active","Active","Stream Beat","Stream Beat"
545,545,0,00000004,00000004,0,0,021402cb,1,1,0,ff1cfed7,f,1,1,0,"Active","Active","Stream Beat","Stream Beat"
546,546,0,00000004,00000004,0,0,fed4ffc6,1,1,0,0007fda5,f,1,1,0,"Active","Active","Stream Beat","Stream Beat"
547,547,0,00000004,00000004,0,0,fec7fe24,1,1,0,00df021f,f,1,1,0,"Active","Active","Stream Beat","Stream Beat"
548,548,0,00000004,00000004,0,0,0085028d,1,1,0,fefffdc6,f,1,1,0,"Active","Active","Stream Beat","Stream Beat"
549,549,0,00000004,00000004,0,0,ff1cfed7,1,1,0,012f011c,f,1,1,0,"Active","Active","Stream Beat","Stream Beat"
550,550,0,00000004,00000004,0,0,0007fda5,1,1,0,ff780097,f,1,1,0,"Active","Active","Stream Beat","Stream Beat"
551,551,0,00000004,00000004,0,0,00df021f,1,1,0,fef4fc27,f,1,1,0,"Active","Active","Stream Beat","Stream Beat"
552,552,0,00000004,00000004,0,0,fefffdc6,1,1,0,00b7030e,f,1,1,0,"Active","Active","Stream Beat","Stream Beat"
553,553,0,00000004,00000004,0,0,012f011c,1,1,0,fec8ff0c,f,1,1,0,"Active","Active","Stream Beat","Stream Beat"
554,554,0,00000004,00000004,0,0,ff780097,1,1,0,0154fd40,f,1,1,0,"Active","Active","Stream Beat","Stream Beat"
555,555,0,00000004,00000004,0,0,fef4fc27,1,1,0,005a03e0,f,1,1,0,"Active","Active","Stream Beat","Stream Beat"
556,556,0,00000004,00000004,0,0,00b7030e,1,1,0,fe7cfe0b,f,1,1,0,"Active","Active","Stream Beat","Stream Beat"
557,557,0,00000004,00000004,0,0,fec8ff0c,1,1,0,01aefdd1,f,1,1,0,"Active","Active","Stream Beat","Stream Beat"
558,558,0,00000004,00000004,0,0,0154fd40,1,1,0,ff6103d5,f,1,1,0,"Active","Active","Stream Beat","Stream Beat"
559,559,0,00000004,00000004,0,0,005a03e0,1,1,0,fedcfcd9,f,1,1,0,"Active","Active","Stream Beat","Stream Beat"
560,560,0,00000004,00000004,0,0,fe7cfe0b,1,1,0,0109fed7,f,1,1,0,"Active","Active","Stream Beat","Stream Beat"
561,561,0,00000004,00000004,0,0,01aefdd1,1,1,0,0034021f,f,1,1,0,"Active","Active","Stream Beat","Stream Beat"
562,562,0,00000004,00000004,0,0,ff6103d5,1,1,0,ff05fedc,f,1,1,0,"Active","Active","Stream Beat","Stream Beat"
563,563,0,00000004,00000004,0,0,fedcfcd9,1,1,0,006dff87,f,1,1,0,"Active","Active","Stream Beat","Stream Beat"
564,564,0,00000004,00000004,0,0,0109fed7,1,1,0,01d000d3,f,1,1,0,"Active","Active","Stream Beat","Stream Beat"
565,565,0,00000004,00000004,0,0,0034021f,1,1,0,ff19ff20,f,1,1,0,"Active","Active","Stream Beat","Stream Beat"
566,566,0,00000004,00000004,0,0,ff05fedc,1,1,0,fe62ff35,f,1,1,0,"Active","Active","Stream Beat","Stream Beat"
567,567,0,00000004,00000004,0,0,006dff87,1,1,0,0241004e,f,1,1,0,"Active","Active","Stream Beat","Stream Beat"
568,568,0,00000004,00000004,0,0,01d000d3,1,1,0,ff73ff52,f,1,1,0,"Active","Active","Stream Beat","Stream Beat"
569,569,0,00000004,00000004,0,0,ff19ff20,1,1,0,feb50103,f,1,1,0,"Active","Active","Stream Beat","Stream Beat"
570,570,0,00000004,00000004,0,0,fe62ff35,1,1,0,00f2fe9a,f,1,1,0,"Active","Active","Stream Beat","Stream Beat"
571,571,0,00000004,00000004,0,0,0241004e,1,1,0,00d8ff43,f,1,1,0,"Active","Active","Stream Beat","Stream Beat"
572,572,0,00000004,00000004,0,0,ff73ff52,1,1,0,fffb0276,f,1,1,0,"Active","Active","Stream Beat","Stream Beat"
573,573,0,00000004,00000004,0,0,feb50103,1,1,0,008efe91,f,1,1,0,"Active","Active","Stream Beat","Stream Beat"
574,574,0,00000004,00000004,0,0,00f2fe9a,1,1,0,fef6ff2d,f,1,1,0,"Active","Active","Stream Beat","Stream Beat"
575,575,0,00000004,00000004,0,0,00d8ff43,1,1,0,ffdc017e,f,1,1,0,"Active","Active","Stream Beat","Stream Beat"
576,576,0,00000004,00000004,0,0,fffb0276,1,1,0,ffd7fe83,f,1,1,0,"Active","Active","Stream Beat","Stream Beat"
577,577,0,00000004,00000004,0,0,008efe91,1,1,0,ff83ff0a,f,1,1,0,"Active","Active","Stream Beat","Stream Beat"
578,578,0,00000004,00000004,0,0,fef6ff2d,1,1,0,02030206,f,1,1,0,"Active","Active","Stream Beat","Stream Beat"
579,579,0,00000004,00000004,0,0,ffdc017e,1,1,0,ff95ff34,f,1,1,0,"Active","Active","Stream Beat","Stream Beat"
580,580,0,00000004,00000004,0,0,ffd7fe83,1,1,0,fd38fe72,f,1,1,0,"Active","Active","Stream Beat","Stream Beat"
581,581,0,00000004,00000004,0,0,ff83ff0a,1,1,0,02fe00be,f,1,1,0,"Active","Active","Stream Beat","Stream Beat"
582,582,0,00000004,00000004,0,0,02030206,1,1,0,fffa0065,f,1,1,0,"Active","Active","Stream Beat","Stream Beat"
583,583,0,00000004,00000004,0,0,ff95ff34,1,1,0,fde6fe6e,f,1,1,0,"Active","Active","Stream Beat","Stream Beat"
584,584,0,00000004,00000004,0,0,fd38fe72,1,1,0,01390035,f,1,1,0,"Active","Active","Stream Beat","Stream Beat"
585,585,0,00000004,00000004,0,0,02fe00be,1,1,0,0003fff2,f,1,1,0,"Active","Active","Stream Beat","Stream Beat"
586,586,0,00000004,00000004,0,0,fffa0065,1,1,0,ff3fffdb,f,1,1,0,"Active","Active","Stream Beat","Stream Beat"
587,587,0,00000004,00000004,0,0,fde6fe6e,1,1,0,02340045,f,1,1,0,"Active","Active","Stream Beat","Stream Beat"
588,588,0,00000004,00000004,0,0,01390035,1,1,0,ff97ffdc,f,1,1,0,"Active","Active","Stream Beat","Stream Beat"
589,589,0,00000004,00000004,0,0,0003fff2,1,1,0,fdd60009,f,1,1,0,"Active","Active","Stream Beat","Stream Beat"
590,590,0,00000004,00000004,0,0,ff3fffdb,1,1,0,01d0ff2c,f,1,1,0,"Active","Active","Stream Beat","Stream Beat"
591,591,0,00000004,00000004,0,0,02340045,1,1,0,0060fec0,f,1,1,0,"Active","Active","Stream Beat","Stream Beat"
592,592,0,00000004,00000004,0,0,ff97ffdc,1,1,0,ffdc01aa,f,1,1,0,"Active","Active","Stream Beat","Stream Beat"
593,593,0,00000004,00000004,0,0,fdd60009,1,1,0,fefd001f,f,1,1,0,"Active","Active","Stream Beat","Stream Beat"
594,594,0,00000004,00000004,0,0,01d0ff2c,1,1,0,0040fe5b,f,1,1,0,"Active","Active","Stream Beat","Stream Beat"
595,595,0,00000004,00000004,0,0,0060fec0,1,1,0,00ad004c,f,1,1,0,"Active","Active","Stream Beat","Stream Beat"
596,596,0,00000004,00000004,0,0,ffdc01aa,1,1,0,00990086,f,1,1,0,"Active","Active","Stream Beat","Stream Beat"
597,597,0,00000004,00000004,0,0,fefd001f,1,1,0,fedefec5,f,1,1,0,"Active","Active","Stream Beat","Stream Beat"
598,598,0,00000004,00000004,0,0,0040fe5b,1,1,0,00baff82,f,1,1,0,"Active","Active","Stream Beat","Stream Beat"
599,599,0,00000004,00000004,0,0,00ad004c,1,1,0,006d013e,f,1,1,0,"Active","Active","Stream Beat","Stream Beat"
600,600,0,00000004,00000004,0,0,00990086,1,1,0,fe56ff1d,f,1,1,0,"Active","Active","Stream Beat","Stream Beat"
601,601,0,00000004,00000004,0,0,fedefec5,1,1,0,027fff06,f,1,1,0,"Active","Active","Stream Beat","Stream Beat"
602,602,0,00000004,00000004,0,0,00baff82,1,1,0,ff1800c3,f,1,1,0,"Active","Active","Stream Beat","Stream Beat"
603,603,0,00000004,00000004,0,0,006d013e,1,1,0,fe85ffa7,f,1,1,0,"Active","Active","Stream Beat","Stream Beat"
604,604,0,00000004,00000004,0,0,fe56ff1d,1,1,0,02d2ff61,f,1,1,0,"Active","Active","Stream Beat","Stream Beat"
605,605,0,00000004,00000004,0,0,027fff06,1,1,0,ff060093,f,1,1,0,"Active","Active","Stream Beat","Stream Beat"
606,606,0,00000004,00000004,0,0,ff1800c3,1,1,0,ff74feeb,f,1,1,0,"Active","Active","Stream Beat","Stream Beat"
607,607,0,00000004,00000004,0,0,fe85ffa7,1,1,0,02ed0005,f,1,1,0,"Active","Active","Stream Beat","Stream Beat"
608,608,0,00000004,00000004,0,0,02d2ff61,1,1,0,fdda015b,f,1,1,0,"Active","Active","Stream Beat","Stream Beat"
609,609,0,00000004,00000004,0,0,ff060093,1,1,0,ff3bff3e,f,1,1,0,"Active","Active","Stream Beat","Stream Beat"
610,610,0,00000004,00000004,0,0,ff74feeb,1,1,0,02c3ff79,f,1,1,0,"Active","Active","Stream Beat","Stream Beat"
611,611,0,00000004,00000004,0,0,02ed0005,1,1,0,fe26ffee,f,1,1,0,"Active","Active","Stream Beat","Stream Beat"
612,612,0,00000004,00000004,0,0,fdda015b,1,1,0,0045009e,f,1,1,0,"Active","Active","Stream Beat","Stream Beat"
613,613,0,00000004,00000004,0,0,ff3bff3e,1,1,0,01deffa1,f,1,1,0,"Active","Active","Stream Beat","Stream Beat"
614,614,0,00000004,00000004,0,0,02c3ff79,1,1,0,fe780132,f,1,1,0,"Active","Active","Stream Beat","Stream Beat"
615,615,0,00000004,00000004,0,0,fe26ffee,1,1,0,fec7ff7c,f,1,1,0,"Active","Active","Stream Beat","Stream Beat"
616,616,0,00000004,00000004,0,0,0045009e,1,1,0,0196fe73,f,1,1,0,"Active","Active","Stream Beat","Stream Beat"
617,617,0,00000004,00000004,0,0,01deffa1,1,1,0,ff84ffa9,f,1,1,0,"Active","Active","Stream Beat","Stream Beat"
618,618,0,00000004,00000004,0,0,fe780132,1,1,0,ffcf025d,f,1,1,0,"Active","Active","Stream Beat","Stream Beat"
619,619,0,00000004,00000004,0,0,fec7ff7c,1,1,0,ffbbfe73,f,1,1,0,"Active","Active","Stream Beat","Stream Beat"
620,620,0,00000004,00000004,0,0,0196fe73,1,1,0,0174ff29,f,1,1,0,"Active","Active","Stream Beat","Stream Beat"
621,621,0,00000004,00000004,0,0,ff84ffa9,1,1,0,ff2a01df,f,1,1,0,"Active","Active","Stream Beat","Stream Beat"
622,622,0,00000004,00000004,0,0,ffcf025d,1,1,0,ff16fd6d,f,1,1,0,"Active","Active","Stream Beat","Stream Beat"
623,623,0,00000004,00000004,0,0,ffbbfe73,1,1,0,02710102,f,1,1,0,"Active","Active","Stream Beat","Stream Beat"
624,624,0,00000004,00000004,0,0,0174ff29,1,1,0,fe8d006c,f,1,1,0,"Active","Active","Stream Beat","Stream Beat"
625,625,0,00000004,00000004,0,0,ff2a01df,1,1,0,0020fdb5,f,1,1,0,"Active","Active","Stream Beat","Stream Beat"
626,626,0,00000004,00000004,0,0,ff16fd6d,1,1,0,015b015b,f,1,1,0,"Active","Active","Stream Beat","Stream Beat"
627,627,0,00000004,00000004,0,0,02710102,1,1,0,ff2d019f,f,1,1,0,"Active","Active","Stream Beat","Stream Beat"
628,628,0,00000004,00000004,0,0,fe8d006c,1,1,0,0022fc7c,f,1,1,0,"Active","Active","Stream Beat","Stream Beat"
629,629,0,00000004,00000004,0,0,0020fdb5,1,1,0,0115022e,f,1,1,0,"Active","Active","Stream Beat","Stream Beat"
630,630,0,00000004,00000004,0,0,015b015b,1,1,0,ff2eff44,f,1,1,0,"Active","Active","Stream Beat","Stream Beat"
631,631,0,00000004,00000004,0,0,ff2d019f,1,1,0,00e3ff68,f,1,1,0,"Active","Active","Stream Beat","Stream Beat"
632,632,0,00000004,00000004,0,0,0022fc7c,1,1,0,ff72017b,f,1,1,0,"Active","Active","Stream Beat","Stream Beat"
633,633,0,00000004,00000004,0,0,0115022e,1,1,0,0046fe0f,f,1,1,0,"Active","Active","Stream Beat","Stream Beat"
634,634,0,00000004,00000004,0,0,ff2eff44,1,1,0,023001a1,f,1,1,0,"Active","Active","Stream Beat","Stream Beat"
635,635,0,00000004,00000004,0,0,00e3ff68,1,1,0,fd970100,f,1,1,0,"Active","Active","Stream Beat","Stream Beat"
636,636,0,00000004,00000004,0,0,ff72017b,1,1,0,fff0fd92,f,1,1,0,"Active","Active","Stream Beat","Stream Beat"
637,637,0,00000004,00000004,0,0,0046fe0f,1,1,0,01f7015d,f,1,1,0,"Active","Active","Stream Beat","Stream Beat"
638,638,0,00000004,00000004,0,0,023001a1,1,1,0,fe4fffd9,f,1,1,0,"Active","Active","Stream Beat","Stream Beat"
639,639,0,00000004,00000004,0,0,fd970100,1,1,0,0099fd5c,f,1,1,0,"Active","Active","Stream Beat","Stream Beat"
640,640,0,00000004,00000004,0,0,fff0fd92,1,1,0,002f03b5,f,1,1,0,"Active","Active","Stream Beat","Stream Beat"
641,641,0,00000004,00000004,0,0,01f7015d,1,1,0,ff5ffe3a,f,1,1,0,"Active","Active","Stream Beat","Stream Beat"
642,642,0,00000004,00000004,0,0,fe4fffd9,1,1,0,01cafe78,f,1,1,0,"Active","Active","Stream Beat","Stream Beat"
643,643,0,00000004,00000004,0,0,0099fd5c,1,1,0,ff97030c,f,1,1,0,"Active","Active","Stream Beat","Stream Beat"
644,644,0,00000004,00000004,0,0,002f03b5,1,1,0,ff41fdd0,f,1,1,0,"Active","Active","Stream Beat","Stream Beat"
645,645,0,00000004,00000004,0,0,ff5ffe3a,1,1,0,0166ffde,f,1,1,0,"Active","Active","Stream Beat","Stream Beat"
646,646,0,00000004,00000004,0,0,01cafe78,1,1,0,fef80151,f,1,1,0,"Active","Active","Stream Beat","Stream Beat"
647,647,0,00000004,00000004,0,0,ff97030c,1,1,0,00e7ff2c,f,1,1,0,"Active","Active","Stream Beat","Stream Beat"
648,648,0,00000004,00000004,0,0,ff41fdd0,1,1,0,00a6ff52,f,1,1,0,"Active","Active","Stream Beat","Stream Beat"
649,649,0,00000004,00000004,0,0,0166ffde,1,1,0,fde60209,f,1,1,0,"Active","Active","Stream Beat","Stream Beat"
650,650,0,00000004,00000004,0,0,fef80151,1,1,0,01dcfce0,f,1,1,0,"Active","Active","Stream Beat","Stream Beat"
651,651,0,00000004,00000004,0,0,00e7ff2c,1,1,0,00d60209,f,1,1,0,"Active","Active","Stream Beat","Stream Beat"
652,652,0,00000004,00000004,0,0,00a6ff52,1,1,0,feba0120,f,1,1,0,"Active","Active","Stream Beat","Stream Beat"
653,653,0,00000004,00000004,0,0,fde60209,1,1,0,001bfd69,f,1,1,0,"Active","Active","Stream Beat","Stream Beat"
654,654,0,00000004,00000004,0,0,01dcfce0,1,1,0,00a0006c,f,1,1,0,"Active","Active","Stream Beat","Stream Beat"
655,655,0,00000004,00000004,0,0,00d60209,1,1,0,ffab00ee,f,1,1,0,"Active","Active","Stream Beat","Stream Beat"
656,656,0,00000004,00000004,0,0,feba0120,1,1,0,00bdfe84,f,1,1,0,"Active","Active","Stream Beat","Stream Beat"
657,657,0,00000004,00000004,0,0,001bfd69,1,1,0,01510021,f,1,1,0,"Active","Active","Stream Beat","Stream Beat"
658,658,0,00000004,00000004,0,0,00a0006c,1,1,0,fe5c027b,f,1,1,0,"Active","Active","Stream Beat","Stream Beat"
659,659,0,00000004,00000004,0,0,ffab00ee,1,1,0,fff7fddb,f,1,1,0,"Active","Active","Stream Beat","Stream Beat"
660,660,0,00000004,00000004,0,0,00bdfe84,1,1,0,00f9008b,f,1,1,0,"Active","Active","Stream Beat","Stream Beat"
661,661,0,00000004,00000004,0,0,01510021,1,1,0,00caffdc,f,1,1,0,"Active","Active","Stream Beat","Stream Beat"
662,662,0,00000004,00000004,0,0,fe5c027b,1,1,0,fe88ff52,f,1,1,0,"Active","Active","Stream Beat","Stream Beat"
663,663,0,00000004,00000004,0,0,fff7fddb,1,1,0,010000ec,f,1,1,0,"Active","Active","Stream Beat","Stream Beat"
664,664,0,00000004,00000004,0,0,00f9008b,1,1,0,0137feca,f,1,1,0,"Active","Active","Stream Beat","Stream Beat"
665,665,0,00000004,00000004,0,0,00caffdc,1,1,0,ffbe009f,f,1,1,0,"Active","Active","Stream Beat","Stream Beat"
666,666,0,00000004,00000004,0,0,fe88ff52,1,1,0,fe7d0272,f,1,1,0,"Active","Active","Stream Beat","Stream Beat"
667,667,0,00000004,00000004,0,0,010000ec,1,1,0,0114fd1e,f,1,1,0,"Active","Active","Stream Beat","Stream Beat"
668,668,0,00000004,00000004,0,0,0137feca,1,1,0,004800a5,f,1,1,0,"Active","Active","Stream Beat","Stream Beat"
669,669,0,00000004,00000004,0,0,ffbe009f,1,1,0,fe5902a6,f,1,1,0,"Active","Active","Stream Beat","Stream Beat"
670,670,0,00000004,00000004,0,0,fe7d0272,1,1,0,026cfb8b,f,1,1,0,"Active","Active","Stream Beat","Stream Beat"
671,671,0,00000004,00000004,0,0,0114fd1e,1,1,0,009801b2,f,1,1,0,"Active","Active","Stream Beat","Stream Beat"
672,672,0,00000004,00000004,0,0,004800a5,1,1,0,fe5102e7,f,1,1,0,"Active","Active","Stream Beat","Stream Beat"
673,673,0,00000004,00000004,0,0,fe5902a6,1,1,0,ffc0fc79,f,1,1,0,"Active","Active","Stream Beat","Stream Beat"
674,674,0,00000004,00000004,0,0,026cfb8b,1,1,0,01c6014c,f,1,1,0,"Active","Active","Stream Beat","Stream Beat"
675,675,0,00000004,00000004,0,0,009801b2,1,1,0,fe9b023d,f,1,1,0,"Active","Active","Stream Beat","Stream Beat"
676,676,0,00000004,00000004,0,0,fe5102e7,1,1,0,feabfc47,f,1,1,0,"Active","Active","Stream Beat","Stream Beat"
677,677,0,00000004,00000004,0,0,ffc0fc79,1,1,0,0244ffd2,f,1,1,0,"Active","Active","Stream Beat","Stream Beat"
678,678,0,00000004,00000004,0,0,01c6014c,1,1,0,01620363,f,1,1,0,"Active","Active","Stream Beat","Stream Beat"
679,679,0,00000004,00000004,0,0,fe9b023d,1,1,0,fd4bfd82,f,1,1,0,"Active","Active","Stream Beat","Stream Beat"
680,680,0,00000004,00000004,0,0,feabfc47,1,1,0,00e7ff8a,f,1,1,0,"Active","Active","Stream Beat","Stream Beat"
681,681,0,00000004,00000004,0,0,0244ffd2,1,1,0,017102d9,f,1,1,0,"Active","Active","Stream Beat","Stream Beat"
682,682,0,00000004,00000004,0,0,01620363,1,1,0,fc28fd2a,f,1,1,0,"Active","Active","Stream Beat","Stream Beat"
683,683,0,00000004,00000004,0,0,fd4bfd82,1,1,0,036ffee6,f,1,1,0,"Active","Active","Stream Beat","Stream Beat"
684,684,0,00000004,00000004,0,0,00e7ff8a,1,1,0,01530304,f,1,1,0,"Active","Active","Stream Beat","Stream Beat"
685,685,0,00000004,00000004,0,0,017102d9,1,1,0,fdc8fe07,f,1,1,0,"Active","Active","Stream Beat","Stream Beat"
686,686,0,00000004,00000004,0,0,fc28fd2a,1,1,0,01d2ff5d,f,1,1,0,"Active","Active","Stream Beat","Stream Beat"
687,687,0,00000004,00000004,0,0,036ffee6,1,1,0,01c70312,f,1,1,0,"Active","Active","Stream Beat","Stream Beat"
688,688,0,00000004,00000004,0,0,01530304,1,1,0,fc44feb3,f,1,1,0,"Active","Active","Stream Beat","Stream Beat"
689,689,0,00000004,00000004,0,0,fdc8fe07,1,1,0,0163fe9c,f,1,1,0,"Active","Active","Stream Beat","Stream Beat"
690,690,0,00000004,00000004,0,0,01d2ff5d,1,1,0,022400d1,f,1,1,0,"Active","Active","Stream Beat","Stream Beat"
691,691,0,00000004,00000004,0,0,01c70312,1,1,0,fdba0027,f,1,1,0,"Active","Active","Stream Beat","Stream Beat"
692,692,0,00000004,00000004,0,0,fc44feb3,1,1,0,02410081,f,1,1,0,"Active","Active","Stream Beat","Stream Beat"
693,693,0,00000004,00000004,0,0,0163fe9c,1,1,0,00d6fffb,f,1,1,0,"Active","Active","Stream Beat","Stream Beat"
694,694,0,00000004,00000004,0,0,022400d1,1,1,0,ff460169,f,1,1,0,"Active","Active","Stream Beat","Stream Beat"
695,695,0,00000004,00000004,0,0,fdba0027,1,1,0,feb3ff78,f,1,1,0,"Active","Active","Stream Beat","Stream Beat"
696,696,0,00000004,00000004,0,0,02410081,1,1,0,0076fea9,f,1,1,0,"Active","Active","Stream Beat","Stream Beat"
697,697,0,00000004,00000004,0,0,00d6fffb,1,1,0,010800a2,f,1,1,0,"Active","Active","Stream Beat","Stream Beat"
698,698,0,00000004,00000004,0,0,ff460169,1,1,0,0056014a,f,1,1,0,"Active","Active","Stream Beat","Stream Beat"
699,699,0,00000004,00000004,0,0,feb3ff78,1,1,0,fed6fdf0,f,1,1,0,"Active","Active","Stream Beat","Stream Beat"
700,700,0,00000004,00000004,0,0,0076fea9,1,1,0,01640257,f,1,1,0,"Active","Active","Stream Beat","Stream Beat"
701,701,0,00000004,00000004,0,0,010800a2,1,1,0,fff900bf,f,1,1,0,"Active","Active","Stream Beat","Stream Beat"
702,702,0,00000004,00000004,0,0,0056014a,1,1,0,fdb8fe21,f,1,1,0,"Active","Active","Stream Beat","Stream Beat"
703,703,0,00000004,00000004,0,0,fed6fdf0,1,1,0,018d005c,f,1,1,0,"Active","Active","Stream Beat","Stream Beat"
704,704,0,00000004,00000004,0,0,01640257,1,1,0,0141ff17,f,1,1,0,"Active","Active","Stream Beat","Stream Beat"
705,705,0,00000004,00000004,0,0,fff900bf,1,1,0,fe4d008d,f,1,1,0,"Active","Active","Stream Beat","Stream Beat"
706,706,0,00000004,00000004,0,0,fdb8fe21,1,1,0,01770084,f,1,1,0,"Active","Active","Stream Beat","Stream Beat"
707,707,0,00000004,00000004,0,0,018d005c,1,1,0,00d60094,f,1,1,0,"Active","Active","Stream Beat","Stream Beat"
708,708,0,00000004,00000004,0,0,0141ff17,1,1,0,fca4feb1,f,1,1,0,"Active","Active","Stream Beat","Stream Beat"
709,709,0,00000004,00000004,0,0,fe4d008d,1,1,0,018affce,f,1,1,0,"Active","Active","Stream Beat","Stream Beat"
710,710,0,00000004,00000004,0,0,01770084,1,1,0,033e0024,f,1,1,0,"Active","Active","Stream Beat","Stream Beat"
711,711,0,00000004,00000004,0,0,00d60094,1,1,0,fc5c01d2,f,1,1,0,"Active","Active","Stream Beat","Stream Beat"
712,712,0,00000004,00000004,0,0,fca4feb1,1,1,0,00c7fde3,f,1,1,0,"Active","Active","Stream Beat","Stream Beat"
713,713,0,00000004,00000004,0,0,018affce,1,1,0,02d1ff7b,f,1,1,0,"Active","Active","Stream Beat","Stream Beat"
714,714,0,00000004,00000004,0,0,033e0024,1,1,0,fd6a02ec,f,1,1,0,"Active","Active","Stream Beat","Stream Beat"
715,715,0,00000004,00000004,0,0,fc5c01d2,1,1,0,009ffe3c,f,1,1,0,"Active","Active","Stream Beat","Stream Beat"
716,716,0,00000004,00000004,0,0,00c7fde3,1,1,0,02e70047,f,1,1,0,"Active","Active","Stream Beat","Stream Beat"
717,717,0,00000004,00000004,0,0,02d1ff7b,1,1,0,fd0a0124,f,1,1,0,"Active","Active","Stream Beat","Stream Beat"
718,718,0,00000004,00000004,0,0,fd6a02ec,1,1,0,0081feb1,f,1,1,0,"Active","Active","Stream Beat","Stream Beat"
719,719,0,00000004,00000004,0,0,009ffe3c,1,1,0,0338ff42,f,1,1,0,"Active","Active","Stream Beat","Stream Beat"
720,720,0,00000004,00000004,0,0,02e70047,1,1,0,fdb60388,f,1,1,0,"Active","Active","Stream Beat","Stream Beat"
721,721,0,00000004,00000004,0,0,fd0a0124,1,1,0,ff97feff,f,1,1,0,"Active","Active","Stream Beat","Stream Beat"
722,722,0,00000004,00000004,0,0,0081feb1,1,1,0,00a5fe35,f,1,1,0,"Active","Active","Stream Beat","Stream Beat"
723,723,0,00000004,00000004,0,0,0338ff42,1,1,0,005701a2,f,1,1,0,"Active","Active","Stream Beat","Stream Beat"
724,724,0,00000004,00000004,0,0,fdb60388,1,1,0,001c0087,f,1,1,0,"Active","Active","Stream Beat","Stream Beat"
725,725,0,00000004,00000004,0,0,ff97feff,1,1,0,0019ffee,f,1,1,0,"Active","Active","Stream Beat","Stream Beat"
726,726,0,00000004,00000004,0,0,00a5fe35,1,1,0,0084ffc2,f,1,1,0,"Active","Active","Stream Beat","Stream Beat"
727,727,0,00000004,00000004,0,0,005701a2,1,1,0,ff1200c1,f,1,1,0,"Active","Active","Stream Beat","Stream Beat"
728,728,0,00000004,00000004,0,0,001c0087,1,1,0,ffc9ff8d,f,1,1,0,"Active","Active","Stream Beat","Stream Beat"
729,729,0,00000004,00000004,0,0,0019ffee,1,1,0,fff5fe62,f,1,1,0,"Active","Active","Stream Beat","Stream Beat"
730,730,0,00000004,00000004,0,0,0084ffc2,1,1,0,0340007d,f,1,1,0,"Active","Active","Stream Beat","Stream Beat"
731,731,0,00000004,00000004,0,0,ff1200c1,1,1,0,fda70301,f,1,1,0,"Active","Active","Stream Beat","Stream Beat"
732,732,0,00000004,00000004,0,0,ffc9ff8d,1,1,0,ffb2fd41,f,1,1,0,"Active","Active","Stream Beat","Stream Beat"
733,733,0,00000004,00000004,0,0,fff5fe62,1,1,0,028c00f9,f,1,1,0,"Active","Active","Stream Beat","Stream Beat"
734,734,0,00000004,00000004,0,0,0340007d,1,1,0,fdc402e3,f,1,1,0,"Active","Active","Stream Beat","Stream Beat"
735,735,0,00000004,00000004,0,0,fda70301,1,1,0,ffd2fc1a,f,1,1,0,"Active","Active","Stream Beat","Stream Beat"
736,736,0,00000004,00000004,0,0,ffb2fd41,1,1,0,01f601ac,f,1,1,0,"Active","Active","Stream Beat","Stream Beat"
737,737,0,00000004,00000004,0,0,028c00f9,1,1,0,fd5f01fe,f,1,1,0,"Active","Active","Stream Beat","Stream Beat"
738,738,0,00000004,00000004,0,0,fdc402e3,1,1,0,009dfc82,f,1,1,0,"Active","Active","Stream Beat","Stream Beat"
739,739,0,00000004,00000004,0,0,ffd2fc1a,1,1,0,03f7012a,f,1,1,0,"Active","Active","Stream Beat","Stream Beat"
740,740,0,00000004,00000004,0,0,01f601ac,1,1,0,fc6c0329,f,1,1,0,"Active","Active","Stream Beat","Stream Beat"
741,741,0,00000004,00000004,0,0,fd5f01fe,1,1,0,009cfd3b,f,1,1,0,"Active","Active","Stream Beat","Stream Beat"
742,742,0,00000004,00000004,0,0,009dfc82,1,1,0,00b5001f,f,1,1,0,"Active","Active","Stream Beat","Stream Beat"
743,743,0,00000004,00000004,0,0,03f7012a,1,1,0,ff1a0199,f,1,1,0,"Active","Active","Stream Beat","Stream Beat"
744,744,0,00000004,00000004,0,0,fc6c0329,1,1,0,0040fd73,f,1,1,0,"Active","Active","Stream Beat","Stream Beat"
745,745,0,00000004,00000004,0,0,009cfd3b,1,1,0,01d20122,f,1,1,0,"Active","Active","Stream Beat","Stream Beat"
746,746,0,00000004,00000004,0,0,00b5001f,1,1,0,fd9801a1,f,1,1,0,"Active","Active","Stream Beat","Stream Beat"
747,747,0,00000004,00000004,0,0,ff1a0199,1,1,0,0171fe88,f,1,1,0,"Active","Active","Stream Beat","Stream Beat"
748,748,0,00000004,00000004,0,0,0040fd73,1,1,0,010800a2,f,1,1,0,"Active","Active","Stream Beat","Stream Beat"
749,749,0,00000004,00000004,0,0,01d20122,1,1,0,fe320051,f,1,1,0,"Active","Active","Stream Beat","Stream Beat"
750,750,0,00000004,00000004,0,0,fd9801a1,1,1,0,021cfeff,f,1,1,0,"Active","Active","Stream Beat","Stream Beat"
751,751,0,00000004,00000004,0,0,0171fe88,1,1,0,fe78014d,f,1,1,0,"Active","Active","Stream Beat","Stream Beat"
752,752,0,00000004,00000004,0,0,010800a2,1,1,0,008fffe6,f,1,1,0,"Active","Active","Stream Beat","Stream Beat"
753,753,0,00000004,00000004,0,0,fe320051,1,1,0,01b0ff94,f,1,1,0,"Active","Active","Stream Beat","Stream Beat"
754,754,0,00000004,00000004,0,0,021cfeff,1,1,0,feec0223,f,1,1,0,"Active","Active","Stream Beat","Stream Beat"
755,755,0,00000004,00000004,0,0,fe78014d,1,1,0,feeefe32,f,1,1,0,"Active","Active","Stream Beat","Stream Beat"
756,756,0,00000004,00000004,0,0,008fffe6,1,1,0,022700f1,f,1,1,0,"Active","Active","Stream Beat","Stream Beat"
757,757,0,00000004,00000004,0,0,01b0ff94,1,1,0,fe6300ed,f,1,1,0,"Active","Active","Stream Beat","Stream Beat"
758,758,0,00000004,00000004,0,0,feec0223,1,1,0,ffd9fe47,f,1,1,0,"Active","Active","Stream Beat","Stream Beat"
759,759,0,00000004,00000004,0,0,feeefe32,1,1,0,020800d1,f,1,1,0,"Active","Active","Stream Beat","Stream Beat"
760,760,0,00000004,00000004,0,0,022700f1,1,1,0,fee3011f,f,1,1,0,"Active","Active","Stream Beat","Stream Beat"
761,761,0,00000004,00000004,0,0,fe6300ed,1,1,0,ffd8ff2e,f,1,1,0,"Active","Active","Stream Beat","Stream Beat"
762,762,0,00000004,00000004,0,0,ffd9fe47,1,1,0,00ab017c,f,1,1,0,"Active","Active","Stream Beat","Stream Beat"
763,763,0,00000004,00000004,0,0,020800d1,1,1,0,ff8d00d8,f,1,1,0,"Active","Active","Stream Beat","Stream Beat"
764,764,0,00000004,00000004,0,0,fee3011f,1,1,0,fe28fc60,f,1,1,0,"Active","Active","Stream Beat","Stream Beat"
765,765,0,00000004,00000004,0,0,ffd8ff2e,1,1,0,039a0204,f,1,1,0,"Active","Active","Stream Beat","Stream Beat"
766,766,0,00000004,00000004,0,0,00ab017c,1,1,0,ff4802ba,f,1,1,0,"Active","Active","Stream Beat","Stream Beat"
767,767,0,00000004,00000004,0,0,ff8d00d8,1,1,0,fdcffde5,f,1,1,0,"Active","Active","Stream Beat","Stream Beat"
768,768,0,00000004,00000004,0,0,fe28fc60,1,1,0,ff92015a,f,1,1,0,"Active","Active","Stream Beat","Stream Beat"
769,769,0,00000004,00000004,0,0,039a0204,1,1,0,00b9005e,f,1,1,0,"Active","Active","Stream Beat","Stream Beat"
770,770,0,00000004,00000004,0,0,ff4802ba,1,1,0,fffdfdda,f,1,1,0,"Active","Active","Stream Beat","Stream Beat"
771,771,0,00000004,00000004,0,0,fdcffde5,1,1,0,fe690138,f,1,1,0,"Active","Active","Stream Beat","Stream Beat"
772,772,0,00000004,00000004,0,0,ff92015a,1,1,0,00490042,f,1,1,0,"Active","Active","Stream Beat","Stream Beat"
773,773,0,00000004,00000004,0,0,00b9005e,1,1,0,00fffe38,f,1,1,0,"Active","Active","Stream Beat","Stream Beat"
774,774,0,00000004,00000004,0,0,fffdfdda,1,1,0,fe3bffcd,f,1,1,0,"Active","Active","Stream Beat","Stream Beat"
775,775,0,00000004,00000004,0,0,fe690138,1,1,0,0206ff56,f,1,1,0,"Active","Active","Stream Beat","Stream Beat"
776,776,0,00000004,00000004,0,0,00490042,1,1,0,ff31014a,f,1,1,0,"Active","Active","Stream Beat","Stream Beat"
777,777,0,00000004,00000004,0,0,00fffe38,1,1,0,fe170040,f,1,1,0,"Active","Active","Stream Beat","Stream Beat"
778,778,0,00000004,00000004,0,0,fe3bffcd,1,1,0,0071fdc7,f,1,1,0,"Active","Active","Stream Beat","Stream Beat"
779,779,0,00000004,00000004,0,0,0206ff56,1,1,0,008300d7,f,1,1,0,"Active","Active","Stream Beat","Stream Beat"
780,780,0,00000004,00000004,0,0,ff31014a,1,1,0,0017ff61,f,1,1,0,"Active","Active","Stream Beat","Stream Beat"
781,781,0,00000004,00000004,0,0,fe170040,1,1,0,003afe36,f,1,1,0,"Active","Active","Stream Beat","Stream Beat"
782,782,0,00000004,00000004,0,0,0071fdc7,1,1,0,ffad0112,f,1,1,0,"Active","Active","Stream Beat","Stream Beat"
783,783,0,00000004,00000004,0,0,008300d7,1,1,0,003d0053,f,1,1,0,"Active","Active","Stream Beat","Stream Beat"
784,784,0,00000004,00000004,0,0,0017ff61,1,1,0,017cfe42,f,1,1,0,"Active","Active","Stream Beat","Stream Beat"
785,785,0,00000004,00000004,0,0,003afe36,1,1,0,fe07014c,f,1,1,0,"Active","Active","Stream Beat","Stream Beat"
786,786,0,00000004,00000004,0,0,ffad0112,1,1,0,fff400a8,f,1,1,0,"Active","Active","Stream Beat","Stream Beat"
787,787,0,00000004,00000004,0,0,003d0053,1,1,0,0059fd1b,f,1,1,0,"Active","Active","Stream Beat","Stream Beat"
788,788,0,00000004,00000004,0,0,017cfe42,1,1,0,00c70143,f,1,1,0,"Active","Active","Stream Beat","Stream Beat"
789,789,0,00000004,00000004,0,0,fe07014c,1,1,0,0000ffb1,f,1,1,0,"Active","Active","Stream Beat","Stream Beat"
790,790,0,00000004,00000004,0,0,fff400a8,1,1,0,0060fe47,f,1,1,0,"Active","Active","Stream Beat","Stream Beat"
791,791,0,00000004,00000004,0,0,0059fd1b,1,1,0,005301ff,f,1,1,0,"Active","Active","Stream Beat","Stream Beat"
792,792,0,00000004,00000004,0,0,00c70143,1,1,0,000a0170,f,1,1,0,"Active","Active","Stream Beat","Stream Beat"
793,793,0,00000004,00000004,0,0,0000ffb1,1,1,0,fe25fd8c,f,1,1,0,"Active","Active","Stream Beat","Stream Beat"
794,794,0,00000004,00000004,0,0,0060fe47,1,1,0,00490148,f,1,1,0,"Active","Active","Stream Beat","Stream Beat"
795,795,0,00000004,00000004,0,0,005301ff,1,1,0,0073ffa1,f,1,1,0,"Active","Active","Stream Beat","Stream Beat"
796,796,0,00000004,00000004,0,0,000a0170,1,1,0,fef5fd95,f,1,1,0,"Active","Active","Stream Beat","Stream Beat"
797,797,0,00000004,00000004,0,0,fe25fd8c,1,1,0,024302a3,f,1,1,0,"Active","Active","Stream Beat","Stream Beat"
798,798,0,00000004,00000004,0,0,00490148,1,1,0,feddffc2,f,1,1,0,"Active","Active","Stream Beat","Stream Beat"
799,799,0,00000004,00000004,0,0,0073ffa1,1,1,0,fea5fe54,f,1,1,0,"Active","Active","Stream Beat","Stream Beat"
800,800,0,00000004,00000004,0,0,fef5fd95,1,1,0,00c70235,f,1,1,0,"Active","Active","Stream Beat","Stream Beat"
801,801,0,00000004,00000004,0,0,024302a3,1,1,0,ff12fed9,f,1,1,0,"Active","Active","Stream Beat","Stream Beat"
802,802,0,00000004,00000004,0,0,feddffc2,1,1,0,ff98fdd0,f,1,1,0,"Active","Active","Stream Beat","Stream Beat"
803,803,0,00000004,00000004,0,0,fea5fe54,1,1,0,01060204,f,1,1,0,"Active","Active","Stream Beat","Stream Beat"
804,804,0,00000004,00000004,0,0,00c70235,1,1,0,ff35fdc4,f,1,1,0,"Active","Active","Stream Beat","Stream Beat"
805,805,0,00000004,00000004,0,0,ff12fed9,1,1,0,00ce0134,f,1,1,0,"Active","Active","Stream Beat","Stream Beat"
806,806,0,00000004,00000004,0,0,ff98fdd0,1,1,0,ff8b0099,f,1,1,0,"Active","Active","Stream Beat","Stream Beat"
807,807,0,00000004,00000004,0,0,01060204,1,1,0,ff1dfc3f,f,1,1,0,"Active","Active","Stream Beat","Stream Beat"
808,808,0,00000004,00000004,0,0,ff35fdc4,1,1,0,009e032e,f,1,1,0,"Active","Active","Stream Beat","Stream Beat"
809,809,0,00000004,00000004,0,0,00ce0134,1,1,0,fea3fedf,f,1,1,0,"Active","Active","Stream Beat","Stream Beat"
810,810,0,00000004,00000004,0,0,ff8b0099,1,1,0,01aafd37,f,1,1,0,"Active","Active","Stream Beat","Stream Beat"
811,811,0,00000004,00000004,0,0,ff1dfc3f,1,1,0,fff203bf,f,1,1,0,"Active","Active","Stream Beat","Stream Beat"
812,812,0,00000004,00000004,0,0,009e032e,1,1,0,fec5fdbb,f,1,1,0,"Active","Active","Stream Beat","Stream Beat"
813,813,0,00000004,00000004,0,0,fea3fedf,1,1,0,01e7fdd4,f,1,1,0,"Active","Active","Stream Beat","Stream Beat"
814,814,0,00000004,00000004,0,0,01aafd37,1,1,0,ff3803de,f,1,1,0,"Active","Active","Stream Beat","Stream Beat"
815,815,0,00000004,00000004,0,0,fff203bf,1,1,0,fee7fccf,f,1,1,0,"Active","Active","Stream Beat","Stream Beat"
816,816,0,00000004,00000004,0,0,fec5fdbb,1,1,0,0123feae,f,1,1,0,"Active","Active","Stream Beat","Stream Beat"
817,817,0,00000004,00000004,0,0,01e7fdd4,1,1,0,00730224,f,1,1,0,"Active","Active","Stream Beat","Stream Beat"
818,818,0,00000004,00000004,0,0,ff3803de,1,1,0,ff1dff2b,f,1,1,0,"Active","Active","Stream Beat","Stream Beat"
819,819,0,00000004,00000004,0,0,fee7fccf,1,1,0,0015ffba,f,1,1,0,"Active","Active","Stream Beat","Stream Beat"
820,820,0,00000004,00000004,0,0,0123feae,1,1,0,018d0088,f,1,1,0,"Active","Active","Stream Beat","Stream Beat"
821,821,0,00000004,00000004,0,0,00730224,1,1,0,ff26ff43,f,1,1,0,"Active","Active","Stream Beat","Stream Beat"
822,822,0,00000004,00000004,0,0,ff1dff2b,1,1,0,fe6bff9e,f,1,1,0,"Active","Active","Stream Beat","Stream Beat"
823,823,0,00000004,00000004,0,0,0015ffba,1,1,0,0255002c,f,1,1,0,"Active","Active","Stream Beat","Stream Beat"
824,824,0,00000004,00000004,0,0,018d0088,1,1,0,ff58ff43,f,1,1,0,"Active","Active","Stream Beat","Stream Beat"
825,825,0,00000004,00000004,0,0,ff26ff43,1,1,0,fe7f0117,f,1,1,0,"Active","Active","Stream Beat","Stream Beat"
826,826,0,00000004,00000004,0,0,fe6bff9e,1,1,0,0119fe3e,f,1,1,0,"Active","Active","Stream Beat","Stream Beat"
827,827,0,00000004,00000004,0,0,0255002c,1,1,0,0102ff0a,f,1,1,0,"Active","Active","Stream Beat","Stream Beat"
828,828,0,00000004,00000004,0,0,ff58ff43,1,1,0,000502d5,f,1,1,0,"Active","Active","Stream Beat","Stream Beat"
829,829,0,00000004,00000004,0,0,fe7f0117,1,1,0,008ffe86,f,1,1,0,"Active","Active","Stream Beat","Stream Beat"
830,830,0,00000004,00000004,0,0,0119fe3e,1,1,0,fefdfee2,f,1,1,0,"Active","Active","Stream Beat","Stream Beat"
831,831,0,00000004,00000004,0,0,0102ff0a,1,1,0,ffaf0179,f,1,1,0,"Active","Active","Stream Beat","Stream Beat"
832,832,0,00000004,00000004,0,0,000502d5,1,1,0,0000feab,f,1,1,0,"Active","Active","Stream Beat","Stream Beat"
833,833,0,00000004,00000004,0,0,008ffe86,1,1,0,ff98fee0,f,1,1,0,"Active","Active","Stream Beat","Stream Beat"
834,834,0,00000004,00000004,0,0,fefdfee2,1,1,0,01a30240,f,1,1,0,"Active","Active","Stream Beat","Stream Beat"
835,835,0,00000004,00000004,0,0,ffaf0179,1,1,0,ffe7fefe,f,1,1,0,"Active","Active","Stream Beat","Stream Beat"
836,836,0,00000004,00000004,0,0,0000feab,1,1,0,fd63fe9b,f,1,1,0,"Active","Active","Stream Beat","Stream Beat"
837,837,0,00000004,00000004,0,0,ff98fee0,1,1,0,034800bb,f,1,1,0,"Active","Active","Stream Beat","Stream Beat"
838,838,0,00000004,00000004,0,0,01a30240,1,1,0,fff4006e,f,1,1,0,"Active","Active","Stream Beat","Stream Beat"
839,839,0,00000004,00000004,0,0,ffe7fefe,1,1,0,fdb9fe36,f,1,1,0,"Active","Active","Stream Beat","Stream Beat"
840,840,0,00000004,00000004,0,0,fd63fe9b,1,1,0,010d005c,f,1,1,0,"Active","Active","Stream Beat","Stream Beat"
841,841,0,00000004,00000004,0,0,034800bb,1,1,0,ffef0000,f,1,1,0,"Active","Active","Stream Beat","Stream Beat"
842,842,0,00000004,00000004,0,0,fff4006e,1,1,0,ff7cffed,f,1,1,0,"Active","Active","Stream Beat","Stream Beat"
843,843,0,00000004,00000004,0,0,fdb9fe36,1,1,0,020f008d,f,1,1,0,"Active","Active","Stream Beat","Stream Beat"
844,844,0,00000004,00000004,0,0,010d005c,1,1,0,ffa5ffc9,f,1,1,0,"Active","Active","Stream Beat","Stream Beat"
845,845,0,00000004,00000004,0,0,ffef0000,1,1,0,fdf5ffa0,f,1,1,0,"Active","Active","Stream Beat","Stream Beat"
846,846,0,00000004,00000004,0,0,ff7cffed,1,1,0,01cdff73,f,1,1,0,"Active","Active","Stream Beat","Stream Beat"
847,847,0,00000004,00000004,0,0,020f008d,1,1,0,0067fea2,f,1,1,0,"Active","Active","Stream Beat","Stream Beat"
848,848,0,00000004,00000004,0,0,ffa5ffc9,1,1,0,ffac01aa,f,1,1,0,"Active","Active","Stream Beat","Stream Beat"
849,849,0,00000004,00000004,0,0,fdf5ffa0,1,1,0,ff06ffe1,f,1,1,0,"Active","Active","Stream Beat","Stream Beat"
850,850,0,00000004,00000004,0,0,01cdff73,1,1,0,0021fe6f,f,1,1,0,"Active","Active","Stream Beat","Stream Beat"
851,851,0,00000004,00000004,0,0,0067fea2,1,1,0,00ba0071,f,1,1,0,"Active","Active","Stream Beat","Stream Beat"
852,852,0,00000004,00000004,0,0,ffac01aa,1,1,0,005b009b,f,1,1,0,"Active","Active","Stream Beat","Stream Beat"
853,853,0,00000004,00000004,0,0,ff06ffe1,1,1,0,ff3efed9,f,1,1,0,"Active","Active","Stream Beat","Stream Beat"
854,854,0,00000004,00000004,0,0,0021fe6f,1,1,0,0068ff3f,f,1,1,0,"Active","Active","Stream Beat","Stream Beat"
855,855,0,00000004,00000004,0,0,00ba0071,1,1,0,00ca015b,f,1,1,0,"Active","Active","Stream Beat","Stream Beat"
856,856,0,00000004,00000004,0,0,005b009b,1,1,0,fe58ff13,f,1,1,0,"Active","Active","Stream Beat","Stream Beat"
857,857,0,00000004,00000004,0,0,ff3efed9,1,1,0,02a1ff26,f,1,1,0,"Active","Active","Stream Beat","Stream Beat"
858,858,0,00000004,00000004,0,0,0068ff3f,1,1,0,fee100e9,f,1,1,0,"Active","Active","Stream Beat","Stream Beat"
859,859,0,00000004,00000004,0,0,00ca015b,1,1,0,fe94ff8b,f,1,1,0,"Active","Active","Stream Beat","Stream Beat"
860,860,0,00000004,00000004,0,0,fe58ff13,1,1,0,02f6ff6c,f,1,1,0,"Active","Active","Stream Beat","Stream Beat"
861,861,0,00000004,00000004,0,0,02a1ff26,1,1,0,ff050097,f,1,1,0,"Active","Active","Stream Beat","Stream Beat"
862,862,0,00000004,00000004,0,0,fee100e9,1,1,0,ff6fff15,f,1,1,0,"Active","Active","Stream Beat","Stream Beat"
863,863,0,00000004,00000004,0,0,fe94ff8b,1,1,0,02b3ffe8,f,1,1,0,"Active","Active","Stream Beat","Stream Beat"
864,864,0,00000004,00000004,0,0,02f6ff6c,1,1,0,fdeb0170,f,1,1,0,"Active","Active","Stream Beat","Stream Beat"
865,865,0,00000004,00000004,0,0,ff050097,1,1,0,ff58ff58,f,1,1,0,"Active","Active","Stream Beat","Stream Beat"
866,866,0,00000004,00000004,0,0,ff6fff15,1,1,0,0255ff2f,f,1,1,0,"Active","Active","Stream Beat","Stream Beat"
867,867,0,00000004,00000004,0,0,02b3ffe8,1,1,0,fe34001a,f,1,1,0,"Active","Active","Stream Beat","Stream Beat"
868,868,0,00000004,00000004,0,0,fdeb0170,1,1,0,002800aa,f,1,1,0,"Active","Active","Stream Beat","Stream Beat"
869,869,0,00000004,00000004,0,0,ff58ff58,1,1,0,01f9ffd2,f,1,1,0,"Active","Active","Stream Beat","Stream Beat"
870,870,0,00000004,00000004,0,0,0255ff2f,1,1,0,fe6500c5,f,1,1,0,"Active","Active","Stream Beat","Stream Beat"
871,871,0,00000004,00000004,0,0,fe34001a,1,1,0,fee8ff5d,f,1,1,0,"Active","Active","Stream Beat","Stream Beat"
872,872,0,00000004,00000004,0,0,002800aa,1,1,0,01c8fe7f,f,1,1,0,"Active","Active","Stream Beat","Stream Beat"
873,873,0,00000004,00000004,0,0,01f9ffd2,1,1,0,ff6fffb3,f,1,1,0,"Active","Active","Stream Beat","Stream Beat"
874,874,0,00000004,00000004,0,0,fe6500c5,1,1,0,ffee022f,f,1,1,0,"Active","Active","Stream Beat","Stream Beat"
875,875,0,00000004,00000004,0,0,fee8ff5d,1,1,0,ff93fe85,f,1,1,0,"Active","Active","Stream Beat","Stream Beat"
876,876,0,00000004,00000004,0,0,01c8fe7f,1,1,0,013bff37,f,1,1,0,"Active","Active","Stream Beat","Stream Beat"
877,877,0,00000004,00000004,0,0,ff6fffb3,1,1,0,ff4001e8,f,1,1,0,"Active","Active","Stream Beat","Stream Beat"
878,878,0,00000004,00000004,0,0,ffee022f,1,1,0,ff18fd43,f,1,1,0,"Active","Active","Stream Beat","Stream Beat"
879,879,0,00000004,00000004,0,0,ff93fe85,1,1,0,023b00e8,f,1,1,0,"Active","Active","Stream Beat","Stream Beat"
880,880,0,00000004,00000004,0,0,013bff37,1,1,0,fe9f00b4,f,1,1,0,"Active","Active","Stream Beat","Stream Beat"
881,881,0,00000004,00000004,0,0,ff4001e8,1,1,0,fff3fd9a,f,1,1,0,"Active","Active","Stream Beat","Stream Beat"
882,882,0,00000004,00000004,0,0,ff18fd43,1,1,0,01b20155,f,1,1,0,"Active","Active","Stream Beat","Stream Beat"
883,883,0,00000004,00000004,0,0,023b00e8,1,1,0,ff3c01b5,f,1,1,0,"Active","Active","Stream Beat","Stream Beat"
884,884,0,00000004,00000004,0,0,fe9f00b4,1,1,0,fff9fc79,f,1,1,0,"Active","Active","Stream Beat","Stream Beat"
885,885,0,00000004,00000004,0,0,fff3fd9a,1,1,0,00db01fa,f,1,1,0,"Active","Active","Stream Beat","Stream Beat"
886,886,0,00000004,00000004,0,0,01b20155,1,1,0,ff28ff67,f,1,1,0,"Active","Active","Stream Beat","Stream Beat"
887,887,0,00000004,00000004,0,0,ff3c01b5,1,1,0,00e3ff17,f,1,1,0,"Active","Active","Stream Beat","Stream Beat"
888,888,0,00000004,00000004,0,0,fff9fc79,1,1,0,ff9e0185,f,1,1,0,"Active","Active","Stream Beat","Stream Beat"
889,889,0,00000004,00000004,0,0,00db01fa,1,1,0,002ffe09,f,1,1,0,"Active","Active","Stream Beat","Stream Beat"
890,890,0,00000004,00000004,0,0,ff28ff67,1,1,0,024a019e,f,1,1,0,"Active","Active","Stream Beat","Stream Beat"
891,891,0,00000004,00000004,0,0,00e3ff17,1,1,0,fdd300f0,f,1,1,0,"Active","Active","Stream Beat","Stream Beat"
892,892,0,00000004,00000004,0,0,ff9e0185,1,1,0,002efdcd,f,1,1,0,"Active","Active","Stream Beat","Stream Beat"
893,893,0,00000004,00000004,0,0,002ffe09,1,1,0,01e101c1,f,1,1,0,"Active","Active","Stream Beat","Stream Beat"
894,894,0,00000004,00000004,0,0,024a019e,1,1,0,fe71ffbb,f,1,1,0,"Active","Active","Stream Beat","Stream Beat"
895,895,0,00000004,00000004,0,0,fdd300f0,1,1,0,00a7fd3e,f,1,1,0,"Active","Active","Stream Beat","Stream Beat"
896,896,0,00000004,00000004,0,0,002efdcd,1,1,0,ffc303af,f,1,1,0,"Active","Active","Stream Beat","Stream Beat"
897,897,0,00000004,00000004,0,0,01e101c1,1,1,0,ff29fe5a,f,1,1,0,"Active","Active","Stream Beat","Stream Beat"
898,898,0,00000004,00000004,0,0,fe71ffbb,1,1,0,01d4fe6a,f,1,1,0,"Active","Active","Stream Beat","Stream Beat"
899,899,0,00000004,00000004,0,0,00a7fd3e,1,1,0,ffcc0323,f,1,1,0,"Active","Active","Stream Beat","Stream Beat"
900,900,0,00000004,00000004,0,0,ffc303af,1,1,0,ff44fdb4,f,1,1,0,"Active","Active","Stream Beat","Stream Beat"
901,901,0,00000004,00000004,0,0,ff29fe5a,1,1,0,01440038,f,1,1,0,"Active","Active","Stream Beat","Stream Beat"
902,902,0,00000004,00000004,0,0,01d4fe6a,1,1,0,fec800db,f,1,1,0,"Active","Active","Stream Beat","Stream Beat"
903,903,0,00000004,00000004,0,0,ffcc0323,1,1,0,010cff0e,f,1,1,0,"Active","Active","Stream Beat","Stream Beat"
904,904,0,00000004,00000004,0,0,ff44fdb4,1,1,0,00f2ff1a,f,1,1,0,"Active","Active","Stream Beat","Stream Beat"
905,905,0,00000004,00000004,0,0,01440038,1,1,0,fdf4020d,f,1,1,0,"Active","Active","Stream Beat","Stream Beat"
906,906,0,00000004,00000004,0,0,fec800db,1,1,0,018efd11,f,1,1,0,"Active","Active","Stream Beat","Stream Beat"
907,907,0,00000004,00000004,0,0,010cff0e,1,1,0,01030244,f,1,1,0,"Active","Active","Stream Beat","Stream Beat"
908,908,0,00000004,00000004,0,0,00f2ff1a,1,1,0,fec80133,f,1,1,0,"Active","Active","Stream Beat","Stream Beat"
909,909,0,00000004,00000004,0,0,fdf4020d,1,1,0,ffaefdbb,f,1,1,0,"Active","Active","Stream Beat","Stream Beat"
910,910,0,00000004,00000004,0,0,018efd11,1,1,0,00960045,f,1,1,0,"Active","Active","Stream Beat","Stream Beat"
911,911,0,00000004,00000004,0,0,01030244,1,1,0,ff9700dc,f,1,1,0,"Active","Active","Stream Beat","Stream Beat"
912,912,0,00000004,00000004,0,0,fec80133,1,1,0,00c9fe72,f,1,1,0,"Active","Active","Stream Beat","Stream Beat"
913,913,0,00000004,00000004,0,0,ffaefdbb,1,1,0,0135004e,f,1,1,0,"Active","Active","Stream Beat","Stream Beat"
914,914,0,00000004,00000004,0,0,00960045,1,1,0,fe60022b,f,1,1,0,"Active","Active","Stream Beat","Stream Beat"
915,915,0,00000004,00000004,0,0,ff9700dc,1,1,0,0033fde1,f,1,1,0,"Active","Active","Stream Beat","Stream Beat"
916,916,0,00000004,00000004,0,0,00c9fe72,1,1,0,0100008e,f,1,1,0,"Active","Active","Stream Beat","Stream Beat"
917,917,0,00000004,00000004,0,0,0135004e,1,1,0,00f5ff80,f,1,1,0,"Active","Active","Stream Beat","Stream Beat"
918,918,0,00000004,00000004,0,0,fe60022b,1,1,0,fe8eff42,f,1,1,0,"Active","Active","Stream Beat","Stream Beat"
919,919,0,00000004,00000004,0,0,0033fde1,1,1,0,00e40127,f,1,1,0,"Active","Active","Stream Beat","Stream Beat"
920,920,0,00000004,00000004,0,0,0100008e,1,1,0,0153fef3,f,1,1,0,"Active","Active","Stream Beat","Stream Beat"
921,921,0,00000004,00000004,0,0,00f5ff80,1,1,0,ff9d0105,f,1,1,0,"Active","Active","Stream Beat","Stream Beat"
922,922,0,00000004,00000004,0,0,fe8eff42,1,1,0,fec8021f,f,1,1,0,"Active","Active","Stream Beat","Stream Beat"
923,923,0,00000004,00000004,0,0,00e40127,1,1,0,010ffcf7,f,1,1,0,"Active","Active","Stream Beat","Stream Beat"
924,924,0,00000004,00000004,0,0,0153fef3,1,1,0,005c0086,f,1,1,0,"Active","Active","Stream Beat","Stream Beat"
925,925,0,00000004,00000004,0,0,ff9d0105,1,1,0,fe6e0298,f,1,1,0,"Active","Active","Stream Beat","Stream Beat"
926,926,0,00000004,00000004,0,0,fec8021f,1,1,0,0231fb5f,f,1,1,0,"Active","Active","Stream Beat","Stream Beat"
927,927,0,00000004,00000004,0,0,010ffcf7,1,1,0,007e01f0,f,1,1,0,"Active","Active","Stream Beat","Stream Beat"
928,928,0,00000004,00000004,0,0,005c0086,1,1,0,fe3a02cc,f,1,1,0,"Active","Active","Stream Beat","Stream Beat"
929,929,0,00000004,00000004,0,0,fe6e0298,1,1,0,ffc8fc52,f,1,1,0,"Active","Active","Stream Beat","Stream Beat"
930,930,0,00000004,00000004,0,0,0231fb5f,1,1,0,0203014c,f,1,1,0,"Active","Active","Stream Beat","Stream Beat"
931,931,0,00000004,00000004,0,0,007e01f0,1,1,0,fecd0243,f,1,1,0,"Active","Active","Stream Beat","Stream Beat"
932,932,0,00000004,00000004,0,0,fe3a02cc,1,1,0,ff37fc1e,f,1,1,0,"Active","Active","Stream Beat","Stream Beat"
933,933,0,00000004,00000004,0,0,ffc8fc52,1,1,0,0213ffda,f,1,1,0,"Active","Active","Stream Beat","Stream Beat"
934,934,0,00000004,00000004,0,0,0203014c,1,1,0,017a0385,f,1,1,0,"Active","Active","Stream Beat","Stream Beat"
935,935,0,00000004,00000004,0,0,fecd0243,1,1,0,fd4dfdb8,f,1,1,0,"Active","Active","Stream Beat","Stream Beat"
936,936,0,00000004,00000004,0,0,ff37fc1e,1,1,0,00b3ffaa,f,1,1,0,"Active","Active","Stream Beat","Stream Beat"
937,937,0,00000004,00000004,0,0,0213ffda,1,1,0,0131033b,f,1,1,0,"Active","Active","Stream Beat","Stream Beat"
938,938,0,00000004,00000004,0,0,017a0385,1,1,0,fc84fce5,f,1,1,0,"Active","Active","Stream Beat","Stream Beat"
939,939,0,00000004,00000004,0,0,fd4dfdb8,1,1,0,0352fed5,f,1,1,0,"Active","Active","Stream Beat","Stream Beat"
940,940,0,00000004,00000004,0,0,00b3ffaa,1,1,0,01310328,f,1,1,0,"Active","Active","Stream Beat","Stream Beat"
941,941,0,00000004,00000004,0,0,0131033b,1,1,0,fdb6fe3b,f,1,1,0,"Active","Active","Stream Beat","Stream Beat"
942,942,0,00000004,00000004,0,0,fc84fce5,1,1,0,0171ff02,f,1,1,0,"Active","Active","Stream Beat","Stream Beat"
943,943,0,00000004,00000004,0,0,0352fed5,1,1,0,017a0347,f,1,1,0,"Active","Active","Stream Beat","Stream Beat"
944,944,0,00000004,00000004,0,0,01310328,1,1,0,fc73fec3,f,1,1,0,"Active","Active","Stream Beat","Stream Beat"
945,945,0,00000004,00000004,0,0,fdb6fe3b,1,1,0,0197fe37,f,1,1,0,"Active","Active","Stream Beat","Stream Beat"
946,946,0,00000004,00000004,0,0,0171ff02,1,1,0,023600d1,f,1,1,0,"Active","Active","Stream Beat","Stream Beat"
947,947,0,00000004,00000004,0,0,017a0347,1,1,0,fdbdfff1,f,1,1,0,"Active","Active","Stream Beat","Stream Beat"
948,948,0,00000004,00000004,0,0,fc73fec3,1,1,0,022200bd,f,1,1,0,"Active","Active","Stream Beat","Stream Beat"
949,949,0,00000004,00000004,0,0,0197fe37,1,1,0,00e1fffe,f,1,1,0,"Active","Active","Stream Beat","Stream Beat"
950,950,0,00000004,00000004,0,0,023600d1,1,1,0,ff7801c0,f,1,1,0,"Active","Active","Stream Beat","Stream Beat"
951,951,0,00000004,00000004,0,0,fdbdfff1,1,1,0,fe49ff3d,f,1,1,0,"Active","Active","Stream Beat","Stream Beat"
952,952,0,00000004,00000004,0,0,022200bd,1,1,0,0064febe,f,1,1,0,"Active","Active","Stream Beat","Stream Beat"
953,953,0,00000004,00000004,0,0,00e1fffe,1,1,0,011b0052,f,1,1,0,"Active","Active","Stream Beat","Stream Beat"
954,954,0,00000004,00000004,0,0,ff7801c0,1,1,0,0037013d,f,1,1,0,"Active","Active","Stream Beat","Stream Beat"
955,955,0,00000004,00000004,0,0,fe49ff3d,1,1,0,feaafe28,f,1,1,0,"Active","Active","Stream Beat","Stream Beat"
956,956,0,00000004,00000004,0,0,0064febe,1,1,0,01a6020a,f,1,1,0,"Active","Active","Stream Beat","Stream Beat"
957,957,0,00000004,00000004,0,0,011b0052,1,1,0,ffe30088,f,1,1,0,"Active","Active","Stream Beat","Stream Beat"
958,958,0,00000004,00000004,0,0,0037013d,1,1,0,fdbafe36,f,1,1,0,"Active","Active","Stream Beat","Stream Beat"
959,959,0,00000004,00000004,0,0,feaafe28,1,1,0,01a100b1,f,1,1,0,"Active","Active","Stream Beat","Stream Beat"
960,960,0,00000004,00000004,0,0,01a6020a,1,1,0,0142feea,f,1,1,0,"Active","Active","Stream Beat","Stream Beat"
961,961,0,00000004,00000004,0,0,ffe30088,1,1,0,fe8b00af,f,1,1,0,"Active","Active","Stream Beat","Stream Beat"
962,962,0,00000004,00000004,0,0,fdbafe36,1,1,0,017100f6,f,1,1,0,"Active","Active","Stream Beat","Stream Beat"
963,963,0,00000004,00000004,0,0,01a100b1,1,1,0,00c0005f,f,1,1,0,"Active","Active","Stream Beat","Stream Beat"
964,964,0,00000004,00000004,0,0,0142feea,1,1,0,fccefeed,f,1,1,0,"Active","Active","Stream Beat","Stream Beat"
965,965,0,00000004,00000004,0,0,fe8b00af,1,1,0,01ceff6c,f,1,1,0,"Active","Active","Stream Beat","Stream Beat"
966,966,0,00000004,00000004,0,0,017100f6,1,1,0,0368002c,f,1,1,0,"Active","Active","Stream Beat","Stream Beat"
967,967,0,00000004,00000004,0,0,00c0005f,1,1,0,fc46021a,f,1,1,0,"Active","Active","Stream Beat","Stream Beat"
968,968,0,00000004,00000004,0,0,fccefeed,1,1,0,00bffde8,f,1,1,0,"Active","Active","Stream Beat","Stream Beat"
969,969,0,00000004,00000004,0,0,01ceff6c,1,1,0,0299ff15,f,1,1,0,"Active","Active","Stream Beat","Stream Beat"
970,970,0,00000004,00000004,0,0,0368002c,1,1,0,fdb2037a,f,1,1,0,"Active","Active","Stream Beat","Stream Beat"
971,971,0,00000004,00000004,0,0,fc46021a,1,1,0,005dfdfb,f,1,1,0,"Active","Active","Stream Beat","Stream Beat"
972,972,0,00000004,00000004,0,0,00bffde8,1,1,0,02c70021,f,1,1,0,"Active","Active","Stream Beat","Stream Beat"
973,973,0,00000004,00000004,0,0,0299ff15,1,1,0,fd070163,f,1,1,0,"Active","Active","Stream Beat","Stream Beat"
974,974,0,00000004,00000004,0,0,fdb2037a,1,1,0,00d2fed2,f,1,1,0,"Active","Active","Stream Beat","Stream Beat"
975,975,0,00000004,00000004,0,0,005dfdfb,1,1,0,031fff40,f,1,1,0,"Active","Active","Stream Beat","Stream Beat"
976,976,0,00000004,00000004,0,0,02c70021,1,1,0,fdad036d,f,1,1,0,"Active","Active","Stream Beat","Stream Beat"
977,977,0,00000004,00000004,0,0,fd070163,1,1,0,ff9afed5,f,1,1,0,"Active","Active","Stream Beat","Stream Beat"
978,978,0,00000004,00000004,0,0,00d2fed2,1,1,0,00ddfe44,f,1,1,0,"Active","Active","Stream Beat","Stream Beat"
979,979,0,00000004,00000004,0,0,031fff40,1,1,0,002101a7,f,1,1,0,"Active","Active","Stream Beat","Stream Beat"
980,980,0,00000004,00000004,0,0,fdad036d,1,1,0,fff5005f,f,1,1,0,"Active","Active","Stream Beat","Stream Beat"
981,981,0,00000004,00000004,0,0,ff9afed5,1,1,0,fff4ffeb,f,1,1,0,"Active","Active","Stream Beat","Stream Beat"
982,982,0,00000004,00000004,0,0,00ddfe44,1,1,0,00410026,f,1,1,0,"Active","Active","Stream Beat","Stream Beat"
983,983,0,00000004,00000004,0,0,002101a7,1,1,0,ff6c009b,f,1,1,0,"Active","Active","Stream Beat","Stream Beat"
984,984,0,00000004,00000004,0,0,fff5005f,1,1,0,ffd1ff7f,f,1,1,0,"Active","Active","Stream Beat","Stream Beat"
985,985,0,00000004,00000004,0,0,fff4ffeb,1,1,0,ffbdfe76,f,1,1,0,"Active","Active","Stream Beat","Stream Beat"
986,986,0,00000004,00000004,0,0,00410026,1,1,0,0359008a,f,1,1,0,"Active","Active","Stream Beat","Stream Beat"
987,987,0,00000004,00000004,0,0,ff6c009b,1,1,0,fd8102c5,f,1,1,0,"Active","Active","Stream Beat","Stream Beat"
988,988,0,00000004,00000004,0,0,ffd1ff7f,1,1,0,ff9afce6,f,1,1,0,"Active","Active","Stream Beat","Stream Beat"
989,989,0,00000004,00000004,0,0,ffbdfe76,1,1,0,027800f9,f,1,1,0,"Active","Active","Stream Beat","Stream Beat"
990,990,0,00000004,00000004,0,0,0359008a,1,1,0,fe3502f7,f,1,1,0,"Active","Active","Stream Beat","Stream Beat"
991,991,0,00000004,00000004,0,0,fd8102c5,1,1,0,ffdcfc38,f,1,1,0,"Active","Active","Stream Beat","Stream Beat"
992,992,0,00000004,00000004,0,0,ff9afce6,1,1,0,02210190,f,1,1,0,"Active","Active","Stream Beat","Stream Beat"
993,993,0,00000004,00000004,0,0,027800f9,1,1,0,fd6f0210,f,1,1,0,"Active","Active","Stream Beat","Stream Beat"
994,994,0,00000004,00000004,0,0,fe3502f7,1,1,0,004cfc88,f,1,1,0,"Active","Active","Stream Beat","Stream Beat"
995,995,0,00000004,00000004,0,0,ffdcfc38,1,1,0,044d00df,f,1,1,0,"Active","Active","Stream Beat","Stream Beat"
996,996,0,00000004,00000004,0,0,02210190,1,1,0,fc930393,f,1,1,0,"Active","Active","Stream Beat","Stream Beat"
997,997,0,00000004,00000004,0,0,fd6f0210,1,1,0,0032fd06,f,1,1,0,"Active","Active","Stream Beat","Stream Beat"
998,998,0,00000004,00000004,0,0,004cfc88,1,1,0,00e8001b,f,1,1,0,"Active","Active","Stream Beat","Stream Beat"
999,999,0,00000004,00000004,0,0,044d00df,1,1,0,ff17020e,f,1,1,0,"Active","Active","Stream Beat","Stream Beat"
1000,1000,0,00000004,00000004,0,0,fc930393,1,1,0,008ffd86,f,1,1,0,"Active","Active","Stream Beat","Stream Beat"
1001,1001,0,00000004,00000004,0,0,0032fd06,1,1,0,01c80112,f,1,1,0,"Active","Active","Stream Beat","Stream Beat"
1002,1002,0,00000004,00000004,0,0,00e8001b,1,1,0,fd6f01bb,f,1,1,0,"Active","Active","Stream Beat","Stream Beat"
1003,1003,0,00000004,00000004,0,0,ff17020e,1,1,0,0119fe78,f,1,1,0,"Active","Active","Stream Beat","Stream Beat"
1004,1004,0,00000004,00000004,0,0,008ffd86,1,1,0,01140091,f,1,1,0,"Active","Active","Stream Beat","Stream Beat"
1005,1005,0,00000004,00000004,0,0,01c80112,1,1,0,fe10002b,f,1,1,0,"Active","Active","Stream Beat","Stream Beat"
1006,1006,0,00000004,00000004,0,0,fd6f01bb,1,1,0,0212fef0,f,1,1,0,"Active","Active","Stream Beat","Stream Beat"
1007,1007,0,00000004,00000004,0,0,0119fe78,1,1,0,feb70160,f,1,1,0,"Active","Active","Stream Beat","Stream Beat"
1008,1008,0,00000004,00000004,0,0,01140091,1,1,0,0070ffa5,f,1,1,0,"Active","Active","Stream Beat","Stream Beat"
1009,1009,0,00000004,00000004,0,0,fe10002b,1,1,0,01a9ff96,f,1,1,0,"Active","Active","Stream Beat","Stream Beat"
1010,1010,0,00000004,00000004,0,0,0212fef0,1,1,0,ff0b01ed,f,1,1,0,"Active","Active","Stream Beat","Stream Beat"
1011,1011,0,00000004,00000004,0,0,feb70160,1,1,0,fedafe68,f,1,1,0,"Active","Active","Stream Beat","Stream Beat"
1012,1012,0,00000004,00000004,0,0,0070ffa5,1,1,0,024a00dd,f,1,1,0,"Active","Active","Stream Beat","Stream Beat"
1013,1013,0,00000004,00000004,0,0,01a9ff96,1,1,0,fe67009d,f,1,1,0,"Active","Active","Stream Beat","Stream Beat"
1014,1014,0,00000004,00000004,0,0,ff0b01ed,1,1,0,ffddfe6f,f,1,1,0,"Active","Active","Stream Beat","Stream Beat"
1015,1015,0,00000004,00000004,0,0,fedafe68,1,1,0,025100c0,f,1,1,0,"Active","Active","Stream Beat","Stream Beat"
1016,1016,0,00000004,00000004,0,0,024a00dd,1,1,0,ff01014d,f,1,1,0,"Active","Active","Stream Beat","Stream Beat"
1017,1017,0,00000004,00000004,0,0,fe67009d,1,1,0,ffefff1e,f,1,1,0,"Active","Active","Stream Beat","Stream Beat"
1018,1018,0,00000004,00000004,0,0,ffddfe6f,1,1,0,0091019f,f,1,1,0,"Active","Active","Stream Beat","Stream Beat"
1019,1019,0,00000004,00000004,0,0,025100c0,1,1,0,ff8300e1,f,1,1,0,"Active","Active","Stream Beat","Stream Beat"
1020,1020,0,00000004,00000004,0,0,ff01014d,1,1,0,fe62fbea,f,1,1,0,"Active","Active","Stream Beat","Stream Beat"
1021,1021,0,00000004,00000004,0,0,ffefff1e,1,1,0,03440272,f,1,1,0,"Active","Active","Stream Beat","Stream Beat"
1022,1022,0,00000004,00000004,0,0,0091019f,1,1,0,ff1c02a3,f,1,1,0,"Active","Active","Stream Beat","Stream Beat"
1023,1023,0,00000004,00000004,0,0,ff8300e1,1,1,0,fdcffe04,f,1,1,0,"Active","Active","Stream Beat","Stream Beat"
